/* 가데이터 생성 */
/* 계정 테이블 가데이터 생성 */
INSERT INTO ACCOUNT (ACC_NUM, NAME, ADM_ID, PASS, TEL, INPUT_DATE, ROLLTYPE)
VALUES	(SEQ_ACC_NUM.NEXTVAL, '김민경', 'admin01', 'admin1234', '010-2390-5309', '2025-05-07', '0');

INSERT INTO ACCOUNT (ACC_NUM, NAME, ADM_ID, PASS, TEL, INPUT_DATE, ROLLTYPE)
VALUES	(SEQ_ACC_NUM.NEXTVAL, '유명규', 'admin02', 'admin1234', '010-1290-4120', '2025-05-08', '0');

INSERT INTO ACCOUNT (ACC_NUM, NAME, ADM_ID, PASS, TEL, INPUT_DATE, ROLLTYPE)
VALUES	(SEQ_ACC_NUM.NEXTVAL, '이대웅', 'admin03', 'admin1234', '010-9193-8013', '2025-05-12', '0');

INSERT INTO ACCOUNT (ACC_NUM, NAME, USER_EMAIL, PASS, TEL, INPUT_DATE, ROLLTYPE)
VALUES	(SEQ_ACC_NUM.NEXTVAL, '홍길동', 'fatherbrother3@test.com', 'hong3', '010-1234-5678', '2021-12-12', '1');

INSERT INTO ACCOUNT (ACC_NUM, NAME, USER_EMAIL, PASS, TEL, INPUT_DATE, ROLLTYPE)
VALUES	(SEQ_ACC_NUM.NEXTVAL, '강태일', 'kang@sist.co.kr', 'kang96', '010-1114-6391', '2025-01-10', '1');

INSERT INTO ACCOUNT (ACC_NUM, NAME, USER_EMAIL, PASS, TEL, INPUT_DATE, ROLLTYPE)
VALUES	(SEQ_ACC_NUM.NEXTVAL, '이여진', 'yeojin@sist.co.kr', 'yeojin97', '010-8123-8700', '2025-05-05', '1');

INSERT INTO ACCOUNT (ACC_NUM, NAME, USER_EMAIL, PASS, TEL, INPUT_DATE, ROLLTYPE)
VALUES	(SEQ_ACC_NUM.NEXTVAL, '장태규', 'taegu321@sist.co.kr', 'taegu321', '010-3764-8070', '2025-05-07', '1');

INSERT INTO ACCOUNT (ACC_NUM, NAME, USER_EMAIL, PASS, TEL, INPUT_DATE, ROLLTYPE)
VALUES	(SEQ_ACC_NUM.NEXTVAL, '현지영', 'jiyeong@sist.co.kr', 'jiyeong', '010-2513-9568', '2025-05-08', '1');

INSERT INTO ACCOUNT (ACC_NUM, NAME, USER_EMAIL, PASS, TEL, INPUT_DATE, ROLLTYPE)
VALUES	(SEQ_ACC_NUM.NEXTVAL, '신민기', 'mingi@sist.co.k', 'ming90', '010-3123-2119', '2025-05-09', '1');

INSERT INTO ACCOUNT (ACC_NUM, NAME, USER_EMAIL, PASS, TEL, INPUT_DATE, ROLLTYPE)
VALUES	(SEQ_ACC_NUM.NEXTVAL, '유연수', 'yeonsoo@sist.co.kr', 'yeonsoo02', '010-8462-2597', '2025-05-10', '1');

INSERT INTO ACCOUNT (ACC_NUM, NAME, USER_EMAIL, PASS, TEL, INPUT_DATE, ROLLTYPE)
VALUES	(SEQ_ACC_NUM.NEXTVAL, '박선은', 'ksdsilver@sist.co.kr', 'ksdsilver01', '010-3648-1211', '2025-05-06', '1');

INSERT INTO ACCOUNT (ACC_NUM, NAME, USER_EMAIL, PASS, TEL, INPUT_DATE, ROLLTYPE)
VALUES	(SEQ_ACC_NUM.NEXTVAL, '심규민', 'deepmin@sist.co.kr', 'deepmin01', '010-5689-1209', '2025-05-08', '1');

INSERT INTO ACCOUNT (ACC_NUM, NAME, USER_EMAIL, PASS, TEL, INPUT_DATE, ROLLTYPE)
VALUES	(SEQ_ACC_NUM.NEXTVAL, '주현석', 'zoo@sist.co.kr', 'zoo99', '010-9812-2362', '2025-05-08', '1');

/* 휴게소 테이블 가데이터 생성 */
INSERT INTO AREA (AREA_NUM, NAME, ROUTE, ADDR, TEL, OPERATION_TIME, LAT, LNG)
VALUES(SEQ_AREA_NUM.NEXTVAL, '강릉(강릉)', '영동선', '강원도 강릉시 성산동 123-45', '033-648-8850', '00:00 - 23:59', '37.758206', '128.806648');
INSERT INTO AREA (AREA_NUM, NAME, ROUTE, ADDR, TEL, OPERATION_TIME, LAT, LNG)
VALUES(SEQ_AREA_NUM.NEXTVAL, '강릉(인천)', '영동선', '강원도 강릉시 성산동 123-46', '033-647-9970', '00:00 - 23:59', '37.760275', '128.8053601');
INSERT INTO AREA (AREA_NUM, NAME, ROUTE, ADDR, TEL, OPERATION_TIME, LAT, LNG)
VALUES(SEQ_AREA_NUM.NEXTVAL, '강천산(광주)', '광주대구선', '전라북도 순창군 팔덕면 강천산로 746', '063-653-4033', '00:00 - 23:59', '35.3657501', '127.105451');
INSERT INTO AREA (AREA_NUM, NAME, ROUTE, ADDR, TEL, OPERATION_TIME, LAT, LNG)
VALUES(SEQ_AREA_NUM.NEXTVAL, '강천산(대구)', '광주대구선', '전라북도 순창군 팔덕면 강천산로 745', '063-653-3050', '00:00 - 23:59', '35.364369', '127.104757');
INSERT INTO AREA (AREA_NUM, NAME, ROUTE, ADDR, TEL, OPERATION_TIME, LAT, LNG)
VALUES(SEQ_AREA_NUM.NEXTVAL, '거창(광주)', '광주대구선', '경상남도 거창군 남상면 월평리 1020', '055-943-0992', '00:00 - 23:59', '35.708862', '128.057962');
INSERT INTO AREA (AREA_NUM, NAME, ROUTE, ADDR, TEL, OPERATION_TIME, LAT, LNG)
VALUES(SEQ_AREA_NUM.NEXTVAL, '거창(대구)', '광주대구선', '경상남도 거창군 남상면 월평리 1019', '055-943-9534', '00:00 - 23:59', '35.706469', '128.056945');
INSERT INTO AREA (AREA_NUM, NAME, ROUTE, ADDR, TEL, OPERATION_TIME, LAT, LNG)
VALUES(SEQ_AREA_NUM.NEXTVAL, '건천(부산)', '경부선', '경상북도 경주시 건천읍 천포리 88', '054-751-6890', '00:00 - 23:59', '35.830716', '129.1093101');
INSERT INTO AREA (AREA_NUM, NAME, ROUTE, ADDR, TEL, OPERATION_TIME, LAT, LNG)
VALUES(SEQ_AREA_NUM.NEXTVAL, '건천(서울)', '경부선', '경상북도 경주시 건천읍 송선리 33', '054-751-7401', '00:00 - 23:59', '35.831894', '129.109244');
INSERT INTO AREA (AREA_NUM, NAME, ROUTE, ADDR, TEL, OPERATION_TIME, LAT, LNG)
VALUES(SEQ_AREA_NUM.NEXTVAL, '경산(서울)', '경부선', '경상북도 경산시 남산면 경부고속도로 1200', '053-852-5243', '00:00 - 23:59', '35.879323', '128.810331');
INSERT INTO AREA (AREA_NUM, NAME, ROUTE, ADDR, TEL, OPERATION_TIME, LAT, LNG)
VALUES(SEQ_AREA_NUM.NEXTVAL, '경주(부산)', '경부선', '경상북도 경주시 외동읍 문산리 산55', '054-748-3195', '00:00 - 23:59', '35.724761', '129.1929501');
INSERT INTO AREA (AREA_NUM, NAME, ROUTE, ADDR, TEL, OPERATION_TIME, LAT, LNG)
VALUES(SEQ_AREA_NUM.NEXTVAL, '고성공룡나라(대전)', '대전통영선', '경상남도 고성군 회화면 당항리 산29', '055-674-0494', '00:00 - 23:59', '35.056665', '128.252359');
INSERT INTO AREA (AREA_NUM, NAME, ROUTE, ADDR, TEL, OPERATION_TIME, LAT, LNG)
VALUES(SEQ_AREA_NUM.NEXTVAL, '고성공룡나라(통영)', '대전통영선', '경상남도 고성군 회화면 당항리 산28', '055-674-7028', '00:00 - 23:59', '35.0518101', '128.262763');
INSERT INTO AREA (AREA_NUM, NAME, ROUTE, ADDR, TEL, OPERATION_TIME, LAT, LNG)
VALUES(SEQ_AREA_NUM.NEXTVAL, '고창고인돌(목포)', '서해안선', '전라북도 고창군 고창읍 고인돌길 123-4', '063-561-6313', '00:00 - 23:59', '35.468653', '126.673871');
INSERT INTO AREA (AREA_NUM, NAME, ROUTE, ADDR, TEL, OPERATION_TIME, LAT, LNG)
VALUES(SEQ_AREA_NUM.NEXTVAL, '고창고인돌(서울)', '서해안선', '전라북도 고창군 고창읍 고인돌길 123-5', '063-561-6323', '00:00 - 23:59', '35.4620701', '126.673477');
INSERT INTO AREA (AREA_NUM, NAME, ROUTE, ADDR, TEL, OPERATION_TIME, LAT, LNG)
VALUES(SEQ_AREA_NUM.NEXTVAL, '곡성(순천)', '호남선', '전라남도 곡성군 곡성읍 죽곡리 1234', '061-363-2766', '00:00 - 23:59', '35.258498', '127.150737');
INSERT INTO AREA (AREA_NUM, NAME, ROUTE, ADDR, TEL, OPERATION_TIME, LAT, LNG)
VALUES(SEQ_AREA_NUM.NEXTVAL, '곡성(천안)', '호남선', '전라남도 곡성군 곡성읍 죽곡리 1233', '061-362-8300', '00:00 - 23:59', '35.259632', '127.152741');
INSERT INTO AREA (AREA_NUM, NAME, ROUTE, ADDR, TEL, OPERATION_TIME, LAT, LNG)
VALUES(SEQ_AREA_NUM.NEXTVAL, '공주(당진)', '당진영덕선', '충청남도 공주시 우성면 옥성리 471-3', '041-854-0050', '00:00 - 23:59', '36.498679', '127.164921');
INSERT INTO AREA (AREA_NUM, NAME, ROUTE, ADDR, TEL, OPERATION_TIME, LAT, LNG)
VALUES(SEQ_AREA_NUM.NEXTVAL, '공주(대전)', '당진영덕선', '충청남도 공주시 우성면 옥성리 470-3', '041-854-6060', '00:00 - 23:59', '36.496946', '127.1666701');
INSERT INTO AREA (AREA_NUM, NAME, ROUTE, ADDR, TEL, OPERATION_TIME, LAT, LNG)
VALUES(SEQ_AREA_NUM.NEXTVAL, '괴산(양평)', '중부내륙선', '충청북도 괴산군 괴산읍 읍내리 123-4', '043-832-6595', '00:00 - 23:59', '36.831894', '127.960141');
INSERT INTO AREA (AREA_NUM, NAME, ROUTE, ADDR, TEL, OPERATION_TIME, LAT, LNG)
VALUES(SEQ_AREA_NUM.NEXTVAL, '괴산(창원)', '중부내륙선', '충청북도 괴산군 괴산읍 읍내리 123-5', '043-832-7966', '00:00 - 23:59', '36.831456', '127.957845');
INSERT INTO AREA (AREA_NUM, NAME, ROUTE, ADDR, TEL, OPERATION_TIME, LAT, LNG)
VALUES(SEQ_AREA_NUM.NEXTVAL, '구리(일산)', '수도권제1순환선', '경기도 구리시 교문동 123-45', '031-529-3564', '00:00 - 23:59', '37.628023', '127.139237');
INSERT INTO AREA (AREA_NUM, NAME, ROUTE, ADDR, TEL, OPERATION_TIME, LAT, LNG)
VALUES(SEQ_AREA_NUM.NEXTVAL, '구정(삼척)', '동해선', '강원도 강릉시 구정면 제비리 445', '033-644-8345', '00:00 - 23:59', '37.722214', '128.8511601');
INSERT INTO AREA (AREA_NUM, NAME, ROUTE, ADDR, TEL, OPERATION_TIME, LAT, LNG)
VALUES(SEQ_AREA_NUM.NEXTVAL, '구정(속초)', '동해선', '강원도 강릉시 구정면 제비리 444', '033-644-4760', '00:00 - 23:59', '37.723012', '128.854228');
INSERT INTO AREA (AREA_NUM, NAME, ROUTE, ADDR, TEL, OPERATION_TIME, LAT, LNG)
VALUES(SEQ_AREA_NUM.NEXTVAL, '군산(목포)', '서해안선', '전라북도 군산시 수송동 234-5', '063-453-0402', '00:00 - 23:59', '35.980591', '126.828971');
INSERT INTO AREA (AREA_NUM, NAME, ROUTE, ADDR, TEL, OPERATION_TIME, LAT, LNG)
VALUES(SEQ_AREA_NUM.NEXTVAL, '군산(서울)', '서해안선', '전라북도 군산시 수송동 234-6', '063-453-2818', '00:00 - 23:59', '36.018831', '126.797698');
INSERT INTO AREA (AREA_NUM, NAME, ROUTE, ADDR, TEL, OPERATION_TIME, LAT, LNG)
VALUES(SEQ_AREA_NUM.NEXTVAL, '군위(부산)', '중앙선', '경상북도 군위군 군위읍 부계리 123-1', '054-383-6114', '00:00 - 23:59', '36.266556', '128.574852');
INSERT INTO AREA (AREA_NUM, NAME, ROUTE, ADDR, TEL, OPERATION_TIME, LAT, LNG)
VALUES(SEQ_AREA_NUM.NEXTVAL, '군위(춘천)', '중앙선', '경상북도 군위군 군위읍 부계리 123-2', '054-383-7114', '00:00 - 23:59', '36.266002', '128.576774');
INSERT INTO AREA (AREA_NUM, NAME, ROUTE, ADDR, TEL, OPERATION_TIME, LAT, LNG)
VALUES(SEQ_AREA_NUM.NEXTVAL, '금강(부산)', '경부선', '충청북도 옥천군 동이면 금강로 596', '043-731-2233', '00:00 - 23:59', '36.279148', '127.672231');
INSERT INTO AREA (AREA_NUM, NAME, ROUTE, ADDR, TEL, OPERATION_TIME, LAT, LNG)
VALUES(SEQ_AREA_NUM.NEXTVAL, '금산인삼랜드(대전)', '대전통영선', '충청남도 금산군 복수면 구례리 459', '041-754-9200', '00:00 - 23:59', '36.154689', '127.497681');
INSERT INTO AREA (AREA_NUM, NAME, ROUTE, ADDR, TEL, OPERATION_TIME, LAT, LNG)
VALUES(SEQ_AREA_NUM.NEXTVAL, '금산인삼랜드(통영)', '대전통영선', '충청남도 금산군 복수면 구례리 458', '041-751-2892', '00:00 - 23:59', '36.152874', '127.495954');
INSERT INTO AREA (AREA_NUM, NAME, ROUTE, ADDR, TEL, OPERATION_TIME, LAT, LNG)
VALUES(SEQ_AREA_NUM.NEXTVAL, '금왕(제천)', '평택제천선', '충청북도 음성군 금왕읍 용산리 456-2', '043-881-0001', '00:00 - 23:59', '36.9694501', '127.590845');
INSERT INTO AREA (AREA_NUM, NAME, ROUTE, ADDR, TEL, OPERATION_TIME, LAT, LNG)
VALUES(SEQ_AREA_NUM.NEXTVAL, '금왕(평택)', '평택제천선', '충청북도 음성군 금왕읍 용산리 455-2', '043-877-7000', '00:00 - 23:59', '36.970655', '127.589499');
INSERT INTO AREA (AREA_NUM, NAME, ROUTE, ADDR, TEL, OPERATION_TIME, LAT, LNG)
VALUES(SEQ_AREA_NUM.NEXTVAL, '기흥(부산)', '경부선', '경기도 용인시 기흥구 공세로 173', '031-286-5001', '00:00 - 23:59', '37.235125', '127.104595');
INSERT INTO AREA (AREA_NUM, NAME, ROUTE, ADDR, TEL, OPERATION_TIME, LAT, LNG)
VALUES(SEQ_AREA_NUM.NEXTVAL, '김천(부산)', '경부선', '경상북도 김천시 남면 운곡리 133', '054-435-0211', '00:00 - 23:59', '36.129252', '128.164782');
INSERT INTO AREA (AREA_NUM, NAME, ROUTE, ADDR, TEL, OPERATION_TIME, LAT, LNG)
VALUES(SEQ_AREA_NUM.NEXTVAL, '김천(서울)', '경부선', '경상북도 김천시 아포읍 국사리 279', '054-433-1523', '00:00 - 23:59', '36.131107', '128.164009');
INSERT INTO AREA (AREA_NUM, NAME, ROUTE, ADDR, TEL, OPERATION_TIME, LAT, LNG)
VALUES(SEQ_AREA_NUM.NEXTVAL, '김해금관가야', '부산외곽선', '경상남도 김해시 주촌면 원지리 1378-5', '055-312-2820', '00:00 - 23:59', '35.269933', '129.003134');
INSERT INTO AREA (AREA_NUM, NAME, ROUTE, ADDR, TEL, OPERATION_TIME, LAT, LNG)
VALUES(SEQ_AREA_NUM.NEXTVAL, '남성주참외(양평)', '중부내륙선', '경상북도 성주군 남성면 참외리 234-5', '054-931-5741', '00:00 - 23:59', '35.858422', '128.319904');
INSERT INTO AREA (AREA_NUM, NAME, ROUTE, ADDR, TEL, OPERATION_TIME, LAT, LNG)
VALUES(SEQ_AREA_NUM.NEXTVAL, '남성주참외(창원)', '중부내륙선', '경상북도 성주군 남성면 참외리 234-6', '054-933-7105', '00:00 - 23:59', '35.869015', '128.316816');
INSERT INTO AREA (AREA_NUM, NAME, ROUTE, ADDR, TEL, OPERATION_TIME, LAT, LNG)
VALUES(SEQ_AREA_NUM.NEXTVAL, '남한강(통합)', '중부내륙선', '강원도 춘천시 남산면 남한강로 345-6', '031-771-5991', '00:00 - 23:59', '37.482835', '127.466735');
INSERT INTO AREA (AREA_NUM, NAME, ROUTE, ADDR, TEL, OPERATION_TIME, LAT, LNG)
VALUES(SEQ_AREA_NUM.NEXTVAL, '내린천', '서울양양선', '강원도 인제군 상남면 내린천리 123-45', '033-852-8602', '00:00 - 23:59', '37.916535', '128.286377');
INSERT INTO AREA (AREA_NUM, NAME, ROUTE, ADDR, TEL, OPERATION_TIME, LAT, LNG)
VALUES(SEQ_AREA_NUM.NEXTVAL, '논공(광주)', '광주대구선', '대구광역시 달성군 논공읍 남리 440', '070-4304-0600', '00:00 - 23:59', '35.767421', '128.403493');
INSERT INTO AREA (AREA_NUM, NAME, ROUTE, ADDR, TEL, OPERATION_TIME, LAT, LNG)
VALUES(SEQ_AREA_NUM.NEXTVAL, '논공(대구)', '광주대구선', '대구광역시 달성군 논공읍 남리 439', '070-4304-0620', '00:00 - 23:59', '35.764989', '128.402909');
INSERT INTO AREA (AREA_NUM, NAME, ROUTE, ADDR, TEL, OPERATION_TIME, LAT, LNG)
VALUES(SEQ_AREA_NUM.NEXTVAL, '단양팔경(부산)', '중앙선', '충청북도 단양군 단양읍 상진리 456-7', '043-423-5401', '00:00 - 23:59', '36.995459', '128.287616');
INSERT INTO AREA (AREA_NUM, NAME, ROUTE, ADDR, TEL, OPERATION_TIME, LAT, LNG)
VALUES(SEQ_AREA_NUM.NEXTVAL, '단양팔경(춘천)', '중앙선', '충청북도 단양군 단양읍 상진리 456-8', '043-421-1671', '00:00 - 23:59', '36.942903', '128.322142');
INSERT INTO AREA (AREA_NUM, NAME, ROUTE, ADDR, TEL, OPERATION_TIME, LAT, LNG)
VALUES(SEQ_AREA_NUM.NEXTVAL, '대천(목포)', '서해안선', '충청남도 보령시 대천동 345-6', '041-931-6901', '00:00 - 23:59', '36.372995', '126.555684');
INSERT INTO AREA (AREA_NUM, NAME, ROUTE, ADDR, TEL, OPERATION_TIME, LAT, LNG)
VALUES(SEQ_AREA_NUM.NEXTVAL, '대천(서울)', '서해안선', '충청남도 보령시 대천동 345-7', '041-931-6801', '00:00 - 23:59', '36.374457', '126.558327');
INSERT INTO AREA (AREA_NUM, NAME, ROUTE, ADDR, TEL, OPERATION_TIME, LAT, LNG)
VALUES(SEQ_AREA_NUM.NEXTVAL, '덕유산(대전)', '대전통영선', '전라북도 무주군 설천면 삼공리 산1-3', '063-353-4200', '00:00 - 23:59', '35.816481', '127.646149');
INSERT INTO AREA (AREA_NUM, NAME, ROUTE, ADDR, TEL, OPERATION_TIME, LAT, LNG)
VALUES(SEQ_AREA_NUM.NEXTVAL, '덕유산(통영)', '대전통영선', '전라북도 무주군 설천면 삼공리 산1-2', '063-353-5100', '00:00 - 23:59', '35.813428', '127.643173');
INSERT INTO AREA (AREA_NUM, NAME, ROUTE, ADDR, TEL, OPERATION_TIME, LAT, LNG)
VALUES(SEQ_AREA_NUM.NEXTVAL, '덕평', '영동선', '경기도 이천시 마장면 덕평리 234-56', '031-645-0001', '00:00 - 23:59', '37.241456', '127.390189');
INSERT INTO AREA (AREA_NUM, NAME, ROUTE, ADDR, TEL, OPERATION_TIME, LAT, LNG)
VALUES(SEQ_AREA_NUM.NEXTVAL, '동명(부산)', '중앙선', '부산광역시 동래구 온천동 789-10', '054-977-6922', '00:00 - 23:59', '36.0069901', '128.546504');
INSERT INTO AREA (AREA_NUM, NAME, ROUTE, ADDR, TEL, OPERATION_TIME, LAT, LNG)
VALUES(SEQ_AREA_NUM.NEXTVAL, '동명(춘천)', '중앙선', '부산광역시 동래구 온천동 789-11', '054-977-6901', '00:00 - 23:59', '36.006426', '128.5493901');
INSERT INTO AREA (AREA_NUM, NAME, ROUTE, ADDR, TEL, OPERATION_TIME, LAT, LNG)
VALUES(SEQ_AREA_NUM.NEXTVAL, '동해(삼척)', '동해선', '강원도 동해시 삼화동 산1-2', '033-534-6631', '00:00 - 23:59', '37.601776', '129.073636');
INSERT INTO AREA (AREA_NUM, NAME, ROUTE, ADDR, TEL, OPERATION_TIME, LAT, LNG)
VALUES(SEQ_AREA_NUM.NEXTVAL, '마장', '중부선', '경기도 이천시 마장면 마장리 123-45', '031-630-0001', '00:00 - 23:59', '37.263849', '127.407043');
INSERT INTO AREA (AREA_NUM, NAME, ROUTE, ADDR, TEL, OPERATION_TIME, LAT, LNG)
VALUES(SEQ_AREA_NUM.NEXTVAL, '망향(부산)', '경부선', '충청남도 천안시 동남구 목천읍 교천지산길 167', '041-557-4000', '00:00 - 23:59', '36.8556501', '127.180929');
INSERT INTO AREA (AREA_NUM, NAME, ROUTE, ADDR, TEL, OPERATION_TIME, LAT, LNG)
VALUES(SEQ_AREA_NUM.NEXTVAL, '매송(목포)', '서해안선', '경기도 화성시 매송면 매송리 456-7', '031-296-1501', '00:00 - 23:59', '37.265084', '126.888544');
INSERT INTO AREA (AREA_NUM, NAME, ROUTE, ADDR, TEL, OPERATION_TIME, LAT, LNG)
VALUES(SEQ_AREA_NUM.NEXTVAL, '매송(서울)', '서해안선', '경기도 화성시 매송면 매송리 456-8', '031-295-1501', '00:00 - 23:59', '37.264769', '126.891795');
INSERT INTO AREA (AREA_NUM, NAME, ROUTE, ADDR, TEL, OPERATION_TIME, LAT, LNG)
VALUES(SEQ_AREA_NUM.NEXTVAL, '문경(양평)', '중부내륙선', '경상북도 문경시 문경읍 문경리 456-7', '054-554-1610', '00:00 - 23:59', '36.621068', '128.1523901');
INSERT INTO AREA (AREA_NUM, NAME, ROUTE, ADDR, TEL, OPERATION_TIME, LAT, LNG)
VALUES(SEQ_AREA_NUM.NEXTVAL, '문경(창원)', '중부내륙선', '경상북도 문경시 문경읍 문경리 456-8', '054-554-1655', '00:00 - 23:59', '36.620549', '128.149982');
INSERT INTO AREA (AREA_NUM, NAME, ROUTE, ADDR, TEL, OPERATION_TIME, LAT, LNG)
VALUES(SEQ_AREA_NUM.NEXTVAL, '문막(강릉)', '영동선', '강원도 원주시 문막읍 문막리 345-67', '033-731-8481', '00:00 - 23:59', '37.335469', '127.8582201');
INSERT INTO AREA (AREA_NUM, NAME, ROUTE, ADDR, TEL, OPERATION_TIME, LAT, LNG)
VALUES(SEQ_AREA_NUM.NEXTVAL, '문막(인천)', '영동선', '강원도 원주시 문막읍 문막리 345-68', '033-747-8162', '00:00 - 23:59', '37.297853', '127.817261');
INSERT INTO AREA (AREA_NUM, NAME, ROUTE, ADDR, TEL, OPERATION_TIME, LAT, LNG)
VALUES(SEQ_AREA_NUM.NEXTVAL, '문산(순천)', '남해선', '경상남도 진주시 문산읍 삼곡리 1017-1', '055-761-2820', '00:00 - 23:59', '35.171374', '128.151591');
INSERT INTO AREA (AREA_NUM, NAME, ROUTE, ADDR, TEL, OPERATION_TIME, LAT, LNG)
VALUES(SEQ_AREA_NUM.NEXTVAL, '문의청남대(영덕)', '당진영덕선', '충청북도 청주시 상당구 문의면 남계리 산44', '043-715-2820', '00:00 - 23:59', '36.542544', '127.483797');
INSERT INTO AREA (AREA_NUM, NAME, ROUTE, ADDR, TEL, OPERATION_TIME, LAT, LNG)
VALUES(SEQ_AREA_NUM.NEXTVAL, '문의청남대(청주)', '당진영덕선', '충청북도 청주시 상당구 문의면 남계리 산43', '043-223-2820', '00:00 - 23:59', '36.544083', '127.484613');
INSERT INTO AREA (AREA_NUM, NAME, ROUTE, ADDR, TEL, OPERATION_TIME, LAT, LNG)
VALUES(SEQ_AREA_NUM.NEXTVAL, '밀양영남루(울산)', '함양울산선', '울산광역시 울주군 상북면 덕현리 567-8', '055-355-7970', '00:00 - 23:59', '35.492884', '128.664121');
INSERT INTO AREA (AREA_NUM, NAME, ROUTE, ADDR, TEL, OPERATION_TIME, LAT, LNG)
VALUES(SEQ_AREA_NUM.NEXTVAL, '밀양영남루(함양)', '함양울산선', '경상남도 함양군 안의면 유평리 123-4', '055-355-7972', '00:00 - 23:59', '35.489732', '128.663321');
INSERT INTO AREA (AREA_NUM, NAME, ROUTE, ADDR, TEL, OPERATION_TIME, LAT, LNG)
VALUES(SEQ_AREA_NUM.NEXTVAL, '백양사(순천)', '호남선', '전라남도 장성군 북하면 백양로 456', '061-394-9990', '00:00 - 23:59', '35.394425', '126.805361');
INSERT INTO AREA (AREA_NUM, NAME, ROUTE, ADDR, TEL, OPERATION_TIME, LAT, LNG)
VALUES(SEQ_AREA_NUM.NEXTVAL, '백양사(천안)', '호남선', '전라남도 장성군 북하면 백양로 455', '061-394-5177', '00:00 - 23:59', '35.393018', '126.807376');
INSERT INTO AREA (AREA_NUM, NAME, ROUTE, ADDR, TEL, OPERATION_TIME, LAT, LNG)
VALUES(SEQ_AREA_NUM.NEXTVAL, '벌곡(논산)', '호남지선', '충청남도 논산시 벌곡면 양산리 680-1', '041-732-7694', '00:00 - 23:59', '36.217974', '127.273468');
INSERT INTO AREA (AREA_NUM, NAME, ROUTE, ADDR, TEL, OPERATION_TIME, LAT, LNG)
VALUES(SEQ_AREA_NUM.NEXTVAL, '벌곡(대전)', '호남지선', '충청남도 논산시 벌곡면 양산리 679-1', '041-734-5250', '00:00 - 23:59', '36.210451', '127.270542');
INSERT INTO AREA (AREA_NUM, NAME, ROUTE, ADDR, TEL, OPERATION_TIME, LAT, LNG)
VALUES(SEQ_AREA_NUM.NEXTVAL, '보성녹차(순천)', '남해선', '전라남도 보성군 미력면 가평리 1016', '070-4325-8808', '00:00 - 23:59', '34.807313', '127.181003');
INSERT INTO AREA (AREA_NUM, NAME, ROUTE, ADDR, TEL, OPERATION_TIME, LAT, LNG)
VALUES(SEQ_AREA_NUM.NEXTVAL, '보성녹차(영암)', '남해선', '전라남도 보성군 미력면 가평리 1015', '070-4325-8801', '00:00 - 23:59', '34.807313', '127.181003');
INSERT INTO AREA (AREA_NUM, NAME, ROUTE, ADDR, TEL, OPERATION_TIME, LAT, LNG)
VALUES(SEQ_AREA_NUM.NEXTVAL, '부안고려청자(목포)', '서해안선', '전라북도 부안군 부안읍 고려청자길 567-8', '063-776-8003', '00:00 - 23:59', '35.671628', '126.732073');
INSERT INTO AREA (AREA_NUM, NAME, ROUTE, ADDR, TEL, OPERATION_TIME, LAT, LNG)
VALUES(SEQ_AREA_NUM.NEXTVAL, '부안고려청자(서울)', '서해안선', '전라북도 부안군 부안읍 고려청자길 567-9', '063-776-7002', '00:00 - 23:59', '35.671598', '126.734592');
INSERT INTO AREA (AREA_NUM, NAME, ROUTE, ADDR, TEL, OPERATION_TIME, LAT, LNG)
VALUES(SEQ_AREA_NUM.NEXTVAL, '부여백제(공주)', '서천공주선', '충청남도 부여군 부여읍 부여리 123-45', '041-833-5400', '00:00 - 23:59', '36.258352', '126.8000701');
INSERT INTO AREA (AREA_NUM, NAME, ROUTE, ADDR, TEL, OPERATION_TIME, LAT, LNG)
VALUES(SEQ_AREA_NUM.NEXTVAL, '부여백제(서천)', '서천공주선', '충청남도 서천군 서천읍 서천리 234-56', '041-834-5600', '00:00 - 23:59', '36.258383', '126.796755');
INSERT INTO AREA (AREA_NUM, NAME, ROUTE, ADDR, TEL, OPERATION_TIME, LAT, LNG)
VALUES(SEQ_AREA_NUM.NEXTVAL, '사천(부산)', '남해선', '경상남도 사천시 곤양면 서정리 823', '055-854-3134', '00:00 - 23:59', '35.073173', '128.010802');
INSERT INTO AREA (AREA_NUM, NAME, ROUTE, ADDR, TEL, OPERATION_TIME, LAT, LNG)
VALUES(SEQ_AREA_NUM.NEXTVAL, '사천(순천)', '남해선', '경상남도 사천시 곤양면 서정리 822', '055-854-3547', '00:00 - 23:59', '35.074968', '128.012589');
INSERT INTO AREA (AREA_NUM, NAME, ROUTE, ADDR, TEL, OPERATION_TIME, LAT, LNG)
VALUES(SEQ_AREA_NUM.NEXTVAL, '산청(대전)', '대전통영선', '경상남도 산청군 산청읍 웅석봉로 98', '055-973-5970', '00:00 - 23:59', '35.333522', '127.938998');
INSERT INTO AREA (AREA_NUM, NAME, ROUTE, ADDR, TEL, OPERATION_TIME, LAT, LNG)
VALUES(SEQ_AREA_NUM.NEXTVAL, '산청(통영)', '대전통영선', '경상남도 산청군 산청읍 웅석봉로 97', '055-973-9036', '00:00 - 23:59', '35.333504', '127.937049');
INSERT INTO AREA (AREA_NUM, NAME, ROUTE, ADDR, TEL, OPERATION_TIME, LAT, LNG)
VALUES(SEQ_AREA_NUM.NEXTVAL, '서부산(순천)', '남해제2지선', '부산 강서구 남해2지선고속도로 19 서부산휴게소', '051-941-2110', '00:00 - 23:59', '35.157197', '128.948638');
INSERT INTO AREA (AREA_NUM, NAME, ROUTE, ADDR, TEL, OPERATION_TIME, LAT, LNG)
VALUES(SEQ_AREA_NUM.NEXTVAL, '서산(목포)', '서해안선', '충청남도 서산시 읍내동 678-9', '041-688-8814', '00:00 - 23:59', '36.742991', '126.565029');
INSERT INTO AREA (AREA_NUM, NAME, ROUTE, ADDR, TEL, OPERATION_TIME, LAT, LNG)
VALUES(SEQ_AREA_NUM.NEXTVAL, '서산(서울)', '서해안선', '충청남도 서산시 읍내동 678-10', '041-688-7714', '00:00 - 23:59', '36.734194', '126.566302');
INSERT INTO AREA (AREA_NUM, NAME, ROUTE, ADDR, TEL, OPERATION_TIME, LAT, LNG)
VALUES(SEQ_AREA_NUM.NEXTVAL, '서여주(양평)', '중부내륙', '경기도 여주시 점동면 덕평리 123-45', '031-885-9760', '00:00 - 23:59', '37.278607', '127.580501');
INSERT INTO AREA (AREA_NUM, NAME, ROUTE, ADDR, TEL, OPERATION_TIME, LAT, LNG)
VALUES(SEQ_AREA_NUM.NEXTVAL, '서여주(창원)', '중부내륙', '경기도 여주시 점동면 덕평리 123-46', '031-884-9714', '00:00 - 23:59', '37.279412', '127.578083');
INSERT INTO AREA (AREA_NUM, NAME, ROUTE, ADDR, TEL, OPERATION_TIME, LAT, LNG)
VALUES(SEQ_AREA_NUM.NEXTVAL, '서울만남(부산)', '경부선', '서울특별시 서초구 양재대로12길 73-71', '02-578-3372', '00:00 - 23:59', '37.460166', '127.041908');
INSERT INTO AREA (AREA_NUM, NAME, ROUTE, ADDR, TEL, OPERATION_TIME, LAT, LNG)
VALUES(SEQ_AREA_NUM.NEXTVAL, '서천(목포)', '서해안선', '충청남도 서천군 서천읍 789-10', '041-952-5757', '00:00 - 23:59', '36.129505', '126.626485');
INSERT INTO AREA (AREA_NUM, NAME, ROUTE, ADDR, TEL, OPERATION_TIME, LAT, LNG)
VALUES(SEQ_AREA_NUM.NEXTVAL, '서천(서울)', '서해안선', '충청남도 서천군 서천읍 789-11', '041-952-9700', '00:00 - 23:59', '36.131929', '126.627834');
INSERT INTO AREA (AREA_NUM, NAME, ROUTE, ADDR, TEL, OPERATION_TIME, LAT, LNG)
VALUES(SEQ_AREA_NUM.NEXTVAL, '선산(양평)', '중부내륙선', '경상북도 김천시 선산읍 선산리 567-8', '054-482-6011', '00:00 - 23:59', '36.277941', '128.249296');
INSERT INTO AREA (AREA_NUM, NAME, ROUTE, ADDR, TEL, OPERATION_TIME, LAT, LNG)
VALUES(SEQ_AREA_NUM.NEXTVAL, '선산(창원)', '중부내륙선', '경상북도 김천시 선산읍 선산리 567-9', '054-482-6031', '00:00 - 23:59', '36.274223', '128.250745');
INSERT INTO AREA (AREA_NUM, NAME, ROUTE, ADDR, TEL, OPERATION_TIME, LAT, LNG)
VALUES(SEQ_AREA_NUM.NEXTVAL, '섬진강(부산)', '호남선', '전라남도 구례군 간전면 섬진강변로 789', '061-772-7986', '00:00 - 23:59', '34.9847001', '127.770697');
INSERT INTO AREA (AREA_NUM, NAME, ROUTE, ADDR, TEL, OPERATION_TIME, LAT, LNG)
VALUES(SEQ_AREA_NUM.NEXTVAL, '섬진강(순천)', '호남선', '전라남도 구례군 간전면 섬진강변로 788', '061-772-7993', '00:00 - 23:59', '34.985669', '127.769329');
INSERT INTO AREA (AREA_NUM, NAME, ROUTE, ADDR, TEL, OPERATION_TIME, LAT, LNG)
VALUES(SEQ_AREA_NUM.NEXTVAL, '성주(양평)', '중부내륙선', '경상북도 성주군 성주읍 성주리 678-9', '054-933-0800', '00:00 - 23:59', '36.0082601', '128.261541');
INSERT INTO AREA (AREA_NUM, NAME, ROUTE, ADDR, TEL, OPERATION_TIME, LAT, LNG)
VALUES(SEQ_AREA_NUM.NEXTVAL, '성주(창원)', '중부내륙선', '경상북도 성주군 성주읍 성주리 678-10', '054-932-0800', '00:00 - 23:59', '36.010603', '128.259675');
INSERT INTO AREA (AREA_NUM, NAME, ROUTE, ADDR, TEL, OPERATION_TIME, LAT, LNG)
VALUES(SEQ_AREA_NUM.NEXTVAL, '속리산(청주)', '당진영덕선', '충청북도 청주시 상당구 미원면 미원초교길 43-11', '043-544-1466', '00:00 - 23:59', '36.447804', '127.869061');
INSERT INTO AREA (AREA_NUM, NAME, ROUTE, ADDR, TEL, OPERATION_TIME, LAT, LNG)
VALUES(SEQ_AREA_NUM.NEXTVAL, '순천(순천)', '호남선', '전라남도 순천시 해룡면 순천만길 102', '061-755-4982', '00:00 - 23:59', '35.0085501', '127.445044');
INSERT INTO AREA (AREA_NUM, NAME, ROUTE, ADDR, TEL, OPERATION_TIME, LAT, LNG)
VALUES(SEQ_AREA_NUM.NEXTVAL, '시흥하늘', '수도권제1순환선', '경기도 시흥시 정왕동 234-56', '031-481-9757', '00:00 - 23:59', '37.383794', '126.855452');
INSERT INTO AREA (AREA_NUM, NAME, ROUTE, ADDR, TEL, OPERATION_TIME, LAT, LNG)
VALUES(SEQ_AREA_NUM.NEXTVAL, '신탄진(서울)', '경부선', '대전광역시 대덕구 신탄진로 288', '042-934-2442', '00:00 - 23:59', '36.426834', '127.418438');
INSERT INTO AREA (AREA_NUM, NAME, ROUTE, ADDR, TEL, OPERATION_TIME, LAT, LNG)
VALUES(SEQ_AREA_NUM.NEXTVAL, '안동(부산)', '중앙선', '경상북도 안동시 운흥동 234-5', '054-853-4370', '00:00 - 23:59', '36.553167', '128.641923');
INSERT INTO AREA (AREA_NUM, NAME, ROUTE, ADDR, TEL, OPERATION_TIME, LAT, LNG)
VALUES(SEQ_AREA_NUM.NEXTVAL, '안동(춘천)', '중앙선', '경상북도 안동시 운흥동 234-6', '054-853-4061', '00:00 - 23:59', '36.5534301', '128.645144');
INSERT INTO AREA (AREA_NUM, NAME, ROUTE, ADDR, TEL, OPERATION_TIME, LAT, LNG)
VALUES(SEQ_AREA_NUM.NEXTVAL, '안산', '영동선', '경기도 안산시 상록구 안산동 456-78', '031-482-7775', '00:00 - 23:59', '37.351075', '126.818799');
INSERT INTO AREA (AREA_NUM, NAME, ROUTE, ADDR, TEL, OPERATION_TIME, LAT, LNG)
VALUES(SEQ_AREA_NUM.NEXTVAL, '안성(부산)', '경부선', '경기도 안성시 원곡면 성은리 98-1', '031-655-0531', '00:00 - 23:59', '37.013407', '127.1448001');
INSERT INTO AREA (AREA_NUM, NAME, ROUTE, ADDR, TEL, OPERATION_TIME, LAT, LNG)
VALUES(SEQ_AREA_NUM.NEXTVAL, '안성(서울)', '경부선', '경기도 안성시 공도읍 진사리 225-17', '031-611-5793', '00:00 - 23:59', '37.076681', '127.132496');
INSERT INTO AREA (AREA_NUM, NAME, ROUTE, ADDR, TEL, OPERATION_TIME, LAT, LNG)
VALUES(SEQ_AREA_NUM.NEXTVAL, '안성맞춤(제천)', '평택제천선', '충청북도 음성군 맹동면 매곡리 789-1', '031-674-4406', '00:00 - 23:59', '36.968057', '127.274261');
INSERT INTO AREA (AREA_NUM, NAME, ROUTE, ADDR, TEL, OPERATION_TIME, LAT, LNG)
VALUES(SEQ_AREA_NUM.NEXTVAL, '안성맞춤(평택)', '평택제천선', '충청북도 음성군 맹동면 매곡리 788-1', '031-673-3822', '00:00 - 23:59', '36.969915', '127.274619');
INSERT INTO AREA (AREA_NUM, NAME, ROUTE, ADDR, TEL, OPERATION_TIME, LAT, LNG)
VALUES(SEQ_AREA_NUM.NEXTVAL, '양산(서울)', '경부선', '경상남도 양산시 동면 금오로 740', '055-384-0144', '00:00 - 23:59', '35.323172', '129.056867');
INSERT INTO AREA (AREA_NUM, NAME, ROUTE, ADDR, TEL, OPERATION_TIME, LAT, LNG)
VALUES(SEQ_AREA_NUM.NEXTVAL, '언양(서울)', '경부선', '울산광역시 울주군 언양읍 반연리 1019', '052-263-6153', '00:00 - 23:59', '35.597942', '129.141801');
INSERT INTO AREA (AREA_NUM, NAME, ROUTE, ADDR, TEL, OPERATION_TIME, LAT, LNG)
VALUES(SEQ_AREA_NUM.NEXTVAL, '여산(순천)', '호남선', '전라북도 익산시 여산면 삼기리 678', '063-836-5280', '00:00 - 23:59', '36.048555', '127.102333');
INSERT INTO AREA (AREA_NUM, NAME, ROUTE, ADDR, TEL, OPERATION_TIME, LAT, LNG)
VALUES(SEQ_AREA_NUM.NEXTVAL, '여산(천안)', '호남선', '전라북도 익산시 여산면 삼기리 677', '063-836-5168', '00:00 - 23:59', '36.048528', '127.104716');
INSERT INTO AREA (AREA_NUM, NAME, ROUTE, ADDR, TEL, OPERATION_TIME, LAT, LNG)
VALUES(SEQ_AREA_NUM.NEXTVAL, '여주(강릉)', '영동선', '경기도 여주시 점동면 덕평리 567-89', '031-882-3120', '00:00 - 23:59', '37.238022', '127.568892');
INSERT INTO AREA (AREA_NUM, NAME, ROUTE, ADDR, TEL, OPERATION_TIME, LAT, LNG)
VALUES(SEQ_AREA_NUM.NEXTVAL, '여주(인천)', '영동선', '경기도 여주시 점동면 덕평리 567-90', '031-882-2900', '00:00 - 23:59', '37.239739', '127.569949');
INSERT INTO AREA (AREA_NUM, NAME, ROUTE, ADDR, TEL, OPERATION_TIME, LAT, LNG)
VALUES(SEQ_AREA_NUM.NEXTVAL, '영산(창원)', '중부내륙지선', '경상남도 창원시 의창구 동읍 영산리 123-4', '055-521-2978', '00:00 - 23:59', '35.429794', '128.495915');
INSERT INTO AREA (AREA_NUM, NAME, ROUTE, ADDR, TEL, OPERATION_TIME, LAT, LNG)
VALUES(SEQ_AREA_NUM.NEXTVAL, '영천(대구)', '대구포항선', '경상북도 영천시 북안면 대정리 580', '054-338-0037', '00:00 - 23:59', '36.053254', '129.044422');
INSERT INTO AREA (AREA_NUM, NAME, ROUTE, ADDR, TEL, OPERATION_TIME, LAT, LNG)
VALUES(SEQ_AREA_NUM.NEXTVAL, '영천(포항)', '대구포항선', '경상북도 영천시 북안면 대정리 579', '054-338-0062', '00:00 - 23:59', '36.051451', '129.042544');
INSERT INTO AREA (AREA_NUM, NAME, ROUTE, ADDR, TEL, OPERATION_TIME, LAT, LNG)
VALUES(SEQ_AREA_NUM.NEXTVAL, '예산(당진)', '당진영덕선', '충청남도 예산군 신양면 신양리 349-2', '041-335-0020', '00:00 - 23:59', '36.619429', '126.846389');
INSERT INTO AREA (AREA_NUM, NAME, ROUTE, ADDR, TEL, OPERATION_TIME, LAT, LNG)
VALUES(SEQ_AREA_NUM.NEXTVAL, '예산(대전)', '당진영덕선', '충청남도 예산군 신양면 신양리 349-1', '041-334-0094', '00:00 - 23:59', '36.6234601', '126.839619');
INSERT INTO AREA (AREA_NUM, NAME, ROUTE, ADDR, TEL, OPERATION_TIME, LAT, LNG)
VALUES(SEQ_AREA_NUM.NEXTVAL, '오수(순천)', '순천완주선', '전라남도 순천시 오천동 123-45', '063-644-6116', '00:00 - 23:59', '35.540925', '127.309267');
INSERT INTO AREA (AREA_NUM, NAME, ROUTE, ADDR, TEL, OPERATION_TIME, LAT, LNG)
VALUES(SEQ_AREA_NUM.NEXTVAL, '오수(완주)', '순천완주선', '전라북도 완주군 오수면 234-56', '063-644-5115', '00:00 - 23:59', '35.540271', '127.311622');
INSERT INTO AREA (AREA_NUM, NAME, ROUTE, ADDR, TEL, OPERATION_TIME, LAT, LNG)
VALUES(SEQ_AREA_NUM.NEXTVAL, '오창(남이)', '중부선', '충청북도 청주시 흥덕구 오송읍 오창리 234-56', '043-217-1477', '00:00 - 23:59', '36.758481', '127.481777');
INSERT INTO AREA (AREA_NUM, NAME, ROUTE, ADDR, TEL, OPERATION_TIME, LAT, LNG)
VALUES(SEQ_AREA_NUM.NEXTVAL, '오창(하남)', '중부선', '충청북도 청주시 흥덕구 오송읍 오창리 234-57', '043-217-8303', '00:00 - 23:59', '36.756581', '127.481909');
INSERT INTO AREA (AREA_NUM, NAME, ROUTE, ADDR, TEL, OPERATION_TIME, LAT, LNG)
VALUES(SEQ_AREA_NUM.NEXTVAL, '옥계(속초)', '동해선', '강원도 강릉시 옥계면 주수리 산59', '033-534-1700', '00:00 - 23:59', '37.616198', '129.060129');
INSERT INTO AREA (AREA_NUM, NAME, ROUTE, ADDR, TEL, OPERATION_TIME, LAT, LNG)
VALUES(SEQ_AREA_NUM.NEXTVAL, '옥산(부산)', '경부선', '충청북도 청주시 흥덕구 옥산면 사정리 399', '043-260-1053', '00:00 - 23:59', '36.657743', '127.369817');
INSERT INTO AREA (AREA_NUM, NAME, ROUTE, ADDR, TEL, OPERATION_TIME, LAT, LNG)
VALUES(SEQ_AREA_NUM.NEXTVAL, '옥천(부산)', '경부선', '충청북도 옥천군 옥천읍 삼양리 522-2', '043-731-8521', '00:00 - 23:59', '36.296863', '127.595223');
INSERT INTO AREA (AREA_NUM, NAME, ROUTE, ADDR, TEL, OPERATION_TIME, LAT, LNG)
VALUES(SEQ_AREA_NUM.NEXTVAL, '옥천(서울)', '경부선', '충청북도 옥천군 옥천읍 매화리 산2-3', '043-731-8097', '00:00 - 23:59', '36.297616', '127.598777');
INSERT INTO AREA (AREA_NUM, NAME, ROUTE, ADDR, TEL, OPERATION_TIME, LAT, LNG)
VALUES(SEQ_AREA_NUM.NEXTVAL, '옥천만남', '경부선', '충청북도 옥천군 옥천읍 삼청리 102', '043-732-0081', '00:00 - 23:59', '36.308718', '127.572308');
INSERT INTO AREA (AREA_NUM, NAME, ROUTE, ADDR, TEL, OPERATION_TIME, LAT, LNG)
VALUES(SEQ_AREA_NUM.NEXTVAL, '와촌(포항)', '대구포항선', '경상북도 경산시 와촌면 대한리 204', '053-853-1002', '00:00 - 23:59', '35.951819', '128.775563');
INSERT INTO AREA (AREA_NUM, NAME, ROUTE, ADDR, TEL, OPERATION_TIME, LAT, LNG)
VALUES(SEQ_AREA_NUM.NEXTVAL, '외동(부산)', '울산포항선', '경상북도 울산광역시 울주군 외동읍 123-45', '054-745-0637', '00:00 - 23:59', '35.672753', '129.285277');
INSERT INTO AREA (AREA_NUM, NAME, ROUTE, ADDR, TEL, OPERATION_TIME, LAT, LNG)
VALUES(SEQ_AREA_NUM.NEXTVAL, '외동(포항)', '울산포항선', '경상북도 포항시 남구 외동읍 678-90', '054-745-0631', '00:00 - 23:59', '35.672847', '129.288543');
INSERT INTO AREA (AREA_NUM, NAME, ROUTE, ADDR, TEL, OPERATION_TIME, LAT, LNG)
VALUES(SEQ_AREA_NUM.NEXTVAL, '용인(강릉)', '영동선', '경기도 용인시 처인구 모현읍 678-90', '031-339-3663', '00:00 - 23:59', '37.245583', '127.2419801');
INSERT INTO AREA (AREA_NUM, NAME, ROUTE, ADDR, TEL, OPERATION_TIME, LAT, LNG)
VALUES(SEQ_AREA_NUM.NEXTVAL, '용인(인천)', '영동선', '경기도 용인시 처인구 모현읍 678-91', '031-339-3660', '00:00 - 23:59', '37.248318', '127.238342');
INSERT INTO AREA (AREA_NUM, NAME, ROUTE, ADDR, TEL, OPERATION_TIME, LAT, LNG)
VALUES(SEQ_AREA_NUM.NEXTVAL, '울주(울산)', '밀양울산선', '울산광역시 울주군 언양읍 반연리 산33', '052-977-3243', '00:00 - 23:59', '35.510821', '129.130435');
INSERT INTO AREA (AREA_NUM, NAME, ROUTE, ADDR, TEL, OPERATION_TIME, LAT, LNG)
VALUES(SEQ_AREA_NUM.NEXTVAL, '울주(함양)', '밀양울산선', '울산광역시 울주군 언양읍 반연리 산34', '052-933-5242', '00:00 - 23:59', '35.5131601', '129.128519');
INSERT INTO AREA (AREA_NUM, NAME, ROUTE, ADDR, TEL, OPERATION_TIME, LAT, LNG)
VALUES(SEQ_AREA_NUM.NEXTVAL, '원주(부산)', '중앙선', '강원도 원주시 명륜동 345-6', '033-731-4291', '00:00 - 23:59', '37.435194', '127.929063');
INSERT INTO AREA (AREA_NUM, NAME, ROUTE, ADDR, TEL, OPERATION_TIME, LAT, LNG)
VALUES(SEQ_AREA_NUM.NEXTVAL, '원주(춘천)', '중앙선', '강원도 원주시 명륜동 345-7', '033-731-8194', '00:00 - 23:59', '37.434542', '127.931768');
INSERT INTO AREA (AREA_NUM, NAME, ROUTE, ADDR, TEL, OPERATION_TIME, LAT, LNG)
VALUES(SEQ_AREA_NUM.NEXTVAL, '음성(남이)', '중부선', '충청북도 음성군 음성읍 음성리 345-67', '043-878-6410', '00:00 - 23:59', '37.019638', '127.480712');
INSERT INTO AREA (AREA_NUM, NAME, ROUTE, ADDR, TEL, OPERATION_TIME, LAT, LNG)
VALUES(SEQ_AREA_NUM.NEXTVAL, '음성(하남)', '중부선', '충청북도 음성군 음성읍 음성리 345-68', '043-878-6403', '00:00 - 23:59', '37.022065', '127.484315');
INSERT INTO AREA (AREA_NUM, NAME, ROUTE, ADDR, TEL, OPERATION_TIME, LAT, LNG)
VALUES(SEQ_AREA_NUM.NEXTVAL, '의성(영덕)', '상주영덕선', '경상북도 의성군 의성읍 의성리 123-45', '054-862-9252', '00:00 - 23:59', '36.409501', '128.447699');
INSERT INTO AREA (AREA_NUM, NAME, ROUTE, ADDR, TEL, OPERATION_TIME, LAT, LNG)
VALUES(SEQ_AREA_NUM.NEXTVAL, '의성(청주)', '상주영덕선', '경상북도 의성군 의성읍 의성리 123-46', '054-862-9076', '00:00 - 23:59', '36.410954', '128.4447101');
INSERT INTO AREA (AREA_NUM, NAME, ROUTE, ADDR, TEL, OPERATION_TIME, LAT, LNG)
VALUES(SEQ_AREA_NUM.NEXTVAL, '이서(순천)', '호남선', '전라북도 정읍시 이서면 이서리 234', '063-227-4114', '00:00 - 23:59', '35.803936', '127.023705');
INSERT INTO AREA (AREA_NUM, NAME, ROUTE, ADDR, TEL, OPERATION_TIME, LAT, LNG)
VALUES(SEQ_AREA_NUM.NEXTVAL, '이서(천안)', '호남선', '전라북도 정읍시 이서면 이서리 233', '063-236-2592', '00:00 - 23:59', '35.801932', '127.025759');
INSERT INTO AREA (AREA_NUM, NAME, ROUTE, ADDR, TEL, OPERATION_TIME, LAT, LNG)
VALUES(SEQ_AREA_NUM.NEXTVAL, '이천(남이)', '중부선', '경기도 이천시 부발읍 이천리 456-78', '031-637-0987', '00:00 - 23:59', '37.264574', '127.403687');
INSERT INTO AREA (AREA_NUM, NAME, ROUTE, ADDR, TEL, OPERATION_TIME, LAT, LNG)
VALUES(SEQ_AREA_NUM.NEXTVAL, '이천(하남)', '중부선', '경기도 이천시 부발읍 이천리 456-79', '031-638-1117', '00:00 - 23:59', '37.293979', '127.378203');
INSERT INTO AREA (AREA_NUM, NAME, ROUTE, ADDR, TEL, OPERATION_TIME, LAT, LNG)
VALUES(SEQ_AREA_NUM.NEXTVAL, '입장거봉포도(서울)', '경부선', '충청남도 천안시 서북구 입장면 가산리 319-2', '041-588-7868', '00:00 - 23:59', '36.942997', '127.192467');
INSERT INTO AREA (AREA_NUM, NAME, ROUTE, ADDR, TEL, OPERATION_TIME, LAT, LNG)
VALUES(SEQ_AREA_NUM.NEXTVAL, '장유(서부산)', '남해선', '경상남도 김해시 장유면 대청리 431-5', '055-313-2610', '00:00 - 23:59', '35.212074', '128.7935801');
INSERT INTO AREA (AREA_NUM, NAME, ROUTE, ADDR, TEL, OPERATION_TIME, LAT, LNG)
VALUES(SEQ_AREA_NUM.NEXTVAL, '장흥정남진', '남해선', '전라남도 장흥군 장흥읍 원도리 산129-5', '061-864-5007', '00:00 - 23:59', '34.720894', '126.931319');
INSERT INTO AREA (AREA_NUM, NAME, ROUTE, ADDR, TEL, OPERATION_TIME, LAT, LNG)
VALUES(SEQ_AREA_NUM.NEXTVAL, '정읍녹두장군(순천)', '호남선', '전라북도 정읍시 북면 녹두로 321', '063-532-0510', '00:00 - 23:59', '35.601465', '126.862006');
INSERT INTO AREA (AREA_NUM, NAME, ROUTE, ADDR, TEL, OPERATION_TIME, LAT, LNG)
VALUES(SEQ_AREA_NUM.NEXTVAL, '정읍녹두장군(천안)', '호남선', '전라북도 정읍시 북면 녹두로 320', '063-532-2373', '00:00 - 23:59', '35.599975', '126.864336');
INSERT INTO AREA (AREA_NUM, NAME, ROUTE, ADDR, TEL, OPERATION_TIME, LAT, LNG)
VALUES(SEQ_AREA_NUM.NEXTVAL, '주암(순천)', '호남선', '전라남도 화순군 남면 주암리 543', '061-754-4980', '00:00 - 23:59', '35.076197', '127.2641001');
INSERT INTO AREA (AREA_NUM, NAME, ROUTE, ADDR, TEL, OPERATION_TIME, LAT, LNG)
VALUES(SEQ_AREA_NUM.NEXTVAL, '주암(천안)', '호남선', '전라남도 화순군 남면 주암리 542', '061-754-2432', '00:00 - 23:59', '35.076587', '127.265762');
INSERT INTO AREA (AREA_NUM, NAME, ROUTE, ADDR, TEL, OPERATION_TIME, LAT, LNG)
VALUES(SEQ_AREA_NUM.NEXTVAL, '죽암(부산)', '경부선', '충청북도 청주시 서원구 남이면 양촌리 39-1', '043-269-0850', '00:00 - 23:59', '36.4868101', '127.429261');
INSERT INTO AREA (AREA_NUM, NAME, ROUTE, ADDR, TEL, OPERATION_TIME, LAT, LNG)
VALUES(SEQ_AREA_NUM.NEXTVAL, '죽암(서울)', '경부선', '충청북도 청주시 서원구 남이면 양촌리 38-1', '043-260-8035', '00:00 - 23:59', '36.496775', '127.4306501');
INSERT INTO AREA (AREA_NUM, NAME, ROUTE, ADDR, TEL, OPERATION_TIME, LAT, LNG)
VALUES(SEQ_AREA_NUM.NEXTVAL, '죽전(서울)', '경부선', '경기도 용인시 수지구 신수로 767', '031-262-3168', '00:00 - 23:59', '37.332371', '127.104795');
INSERT INTO AREA (AREA_NUM, NAME, ROUTE, ADDR, TEL, OPERATION_TIME, LAT, LNG)
VALUES(SEQ_AREA_NUM.NEXTVAL, '지리산(광주)', '광주대구선', '경상남도 함양군 마천면 가흥리 331-2', '063-636-7195', '00:00 - 23:59', '35.483942', '127.567106');
INSERT INTO AREA (AREA_NUM, NAME, ROUTE, ADDR, TEL, OPERATION_TIME, LAT, LNG)
VALUES(SEQ_AREA_NUM.NEXTVAL, '지리산(대구)', '광주대구선', '경상남도 함양군 마천면 가흥리 331-1', '063-636-7191', '00:00 - 23:59', '35.481353', '127.566804');
INSERT INTO AREA (AREA_NUM, NAME, ROUTE, ADDR, TEL, OPERATION_TIME, LAT, LNG)
VALUES(SEQ_AREA_NUM.NEXTVAL, '진안마이산(익산)', '익산장수선', '전라북도 익산시 진안면 진안리 123-4', '063-432-1380', '00:00 - 23:59', '35.777898', '127.425279');
INSERT INTO AREA (AREA_NUM, NAME, ROUTE, ADDR, TEL, OPERATION_TIME, LAT, LNG)
VALUES(SEQ_AREA_NUM.NEXTVAL, '진안마이산(장수)', '익산장수선', '전라북도 진안군 장수면 장수리 567-8', '063-432-6350', '00:00 - 23:59', '35.7748201', '127.426362');
INSERT INTO AREA (AREA_NUM, NAME, ROUTE, ADDR, TEL, OPERATION_TIME, LAT, LNG)
VALUES(SEQ_AREA_NUM.NEXTVAL, '진영(부산)', '남해선', '경상남도 김해시 진영읍 본산리 776', '055-334-8700', '00:00 - 23:59', '35.2779101', '128.715388');
INSERT INTO AREA (AREA_NUM, NAME, ROUTE, ADDR, TEL, OPERATION_TIME, LAT, LNG)
VALUES(SEQ_AREA_NUM.NEXTVAL, '진영(순천)', '남해선', '경상남도 김해시 진영읍 본산리 777', '055-342-3959', '00:00 - 23:59', '35.280059', '128.716044');
INSERT INTO AREA (AREA_NUM, NAME, ROUTE, ADDR, TEL, OPERATION_TIME, LAT, LNG)
VALUES(SEQ_AREA_NUM.NEXTVAL, '진주(부산)', '남해선', '경상남도 진주시 금산면 장사리 621-3', '055-759-3205', '00:00 - 23:59', '35.159772', '128.1220101');
INSERT INTO AREA (AREA_NUM, NAME, ROUTE, ADDR, TEL, OPERATION_TIME, LAT, LNG)
VALUES(SEQ_AREA_NUM.NEXTVAL, '처인', '세종포천선', '경기 용인시 처인구 모현읍 매산리 284-30', '031-323-5325', '00:00 - 23:59', '37.3418541', '127.218541');
INSERT INTO AREA (AREA_NUM, NAME, ROUTE, ADDR, TEL, OPERATION_TIME, LAT, LNG)
VALUES(SEQ_AREA_NUM.NEXTVAL, '천등산(제천)', '평택제천선', '충청북도 제천시 백운면 덕동리 123-3', '043-844-2991', '00:00 - 23:59', '37.061597', '127.939378');
INSERT INTO AREA (AREA_NUM, NAME, ROUTE, ADDR, TEL, OPERATION_TIME, LAT, LNG)
VALUES(SEQ_AREA_NUM.NEXTVAL, '천등산(평택)', '평택제천선', '충청북도 제천시 백운면 덕동리 122-3', '043-844-2930', '00:00 - 23:59', '37.076872', '127.989171');
INSERT INTO AREA (AREA_NUM, NAME, ROUTE, ADDR, TEL, OPERATION_TIME, LAT, LNG)
VALUES(SEQ_AREA_NUM.NEXTVAL, '천안삼거리(서울)', '경부선', '충청남도 천안시 동남구 삼룡동 371-1', '041-551-2480', '00:00 - 23:59', '36.787809', '127.173455');
INSERT INTO AREA (AREA_NUM, NAME, ROUTE, ADDR, TEL, OPERATION_TIME, LAT, LNG)
VALUES(SEQ_AREA_NUM.NEXTVAL, '천안호두(부산)', '경부선', '충청남도 천안시 동남구 수신면 발산리 253', '041-552-4560', '00:00 - 23:59', '36.730226', '127.263879');
INSERT INTO AREA (AREA_NUM, NAME, ROUTE, ADDR, TEL, OPERATION_TIME, LAT, LNG)
VALUES(SEQ_AREA_NUM.NEXTVAL, '청송(영덕)', '상주영덕선', '경상북도 청송군 청송읍 청송리 234-56', '054-873-9102', '00:00 - 23:59', '36.455725', '129.0131901');
INSERT INTO AREA (AREA_NUM, NAME, ROUTE, ADDR, TEL, OPERATION_TIME, LAT, LNG)
VALUES(SEQ_AREA_NUM.NEXTVAL, '청송(청주)', '상주영덕선', '경상북도 청송군 청송읍 청송리 234-57', '054-873-5911', '00:00 - 23:59', '36.456721', '129.012028');
INSERT INTO AREA (AREA_NUM, NAME, ROUTE, ADDR, TEL, OPERATION_TIME, LAT, LNG)
VALUES(SEQ_AREA_NUM.NEXTVAL, '청주(서울)', '경부선', '충청북도 청주시 흥덕구 강내면 월곡리 산54', '043-237-1700', '00:00 - 23:59', '36.716005', '127.349315');
INSERT INTO AREA (AREA_NUM, NAME, ROUTE, ADDR, TEL, OPERATION_TIME, LAT, LNG)
VALUES(SEQ_AREA_NUM.NEXTVAL, '청통(대구)', '대구포항선', '경상북도 영천시 청통면 치일리 370-3', '054-337-5009', '00:00 - 23:59', '35.993928', '128.859145');
INSERT INTO AREA (AREA_NUM, NAME, ROUTE, ADDR, TEL, OPERATION_TIME, LAT, LNG)
VALUES(SEQ_AREA_NUM.NEXTVAL, '추풍령(부산)', '경부선', '경상북도 김천시 구성면 광명리 240', '054-430-2000', '00:00 - 23:59', '36.200356', '128.000331');
INSERT INTO AREA (AREA_NUM, NAME, ROUTE, ADDR, TEL, OPERATION_TIME, LAT, LNG)
VALUES(SEQ_AREA_NUM.NEXTVAL, '추풍령(서울)', '경부선', '경상북도 김천시 구성면 광명리 138-1', '054-439-3187', '00:00 - 23:59', '36.199708', '128.003242');
INSERT INTO AREA (AREA_NUM, NAME, ROUTE, ADDR, TEL, OPERATION_TIME, LAT, LNG)
VALUES(SEQ_AREA_NUM.NEXTVAL, '춘천(부산)', '중앙선', '강원도 춘천시 후평동 456-8', '033-264-0500', '00:00 - 23:59', '37.8126801', '127.766078');
INSERT INTO AREA (AREA_NUM, NAME, ROUTE, ADDR, TEL, OPERATION_TIME, LAT, LNG)
VALUES(SEQ_AREA_NUM.NEXTVAL, '춘향(순천)', '순천완주선', '전라남도 순천시 춘향동 345-67', '063-631-2020', '00:00 - 23:59', '35.3367566', '127.3515503');
INSERT INTO AREA (AREA_NUM, NAME, ROUTE, ADDR, TEL, OPERATION_TIME, LAT, LNG)
VALUES(SEQ_AREA_NUM.NEXTVAL, '춘향(완주)', '순천완주선', '전라북도 완주군 춘향면 456-78', '063-635-6688', '00:00 - 23:59', '35.3376914', '127.3537495');
INSERT INTO AREA (AREA_NUM, NAME, ROUTE, ADDR, TEL, OPERATION_TIME, LAT, LNG)
VALUES(SEQ_AREA_NUM.NEXTVAL, '충주(양평)', '중부내륙선', '충청북도 충주시 충주읍 충주리 789-10', '043-857-9229', '00:00 - 23:59', '37.023175', '127.839297');
INSERT INTO AREA (AREA_NUM, NAME, ROUTE, ADDR, TEL, OPERATION_TIME, LAT, LNG)
VALUES(SEQ_AREA_NUM.NEXTVAL, '충주(창원)', '중부내륙선', '충청북도 충주시 충주읍 충주리 789-11', '043-857-9339', '00:00 - 23:59', '37.022229', '127.837071');
INSERT INTO AREA (AREA_NUM, NAME, ROUTE, ADDR, TEL, OPERATION_TIME, LAT, LNG)
VALUES(SEQ_AREA_NUM.NEXTVAL, '치악(부산)', '중앙선', '강원도 원주시 치악동 567-9', '033-762-9234', '00:00 - 23:59', '37.253647', '128.048514');
INSERT INTO AREA (AREA_NUM, NAME, ROUTE, ADDR, TEL, OPERATION_TIME, LAT, LNG)
VALUES(SEQ_AREA_NUM.NEXTVAL, '치악(춘천)', '중앙선', '강원도 원주시 치악동 567-10', '033-762-8030', '00:00 - 23:59', '37.256692', '128.0488701');
INSERT INTO AREA (AREA_NUM, NAME, ROUTE, ADDR, TEL, OPERATION_TIME, LAT, LNG)
VALUES(SEQ_AREA_NUM.NEXTVAL, '칠곡(부산)', '경부선', '경상북도 칠곡군 왜관읍 삼청리 산13', '054-975-2277', '00:00 - 23:59', '36.019795', '128.428517');
INSERT INTO AREA (AREA_NUM, NAME, ROUTE, ADDR, TEL, OPERATION_TIME, LAT, LNG)
VALUES(SEQ_AREA_NUM.NEXTVAL, '칠곡(서울)', '경부선', '경상북도 칠곡군 왜관읍 석전리 991-4', '054-975-1883', '00:00 - 23:59', '36.012005', '128.4308001');
INSERT INTO AREA (AREA_NUM, NAME, ROUTE, ADDR, TEL, OPERATION_TIME, LAT, LNG)
VALUES(SEQ_AREA_NUM.NEXTVAL, '칠서(양평)', '중부내륙지선', '경상북도 칠곡군 칠서면 양평리 234-5', '055-587-9656', '00:00 - 23:59', '35.3708801', '128.496807');
INSERT INTO AREA (AREA_NUM, NAME, ROUTE, ADDR, TEL, OPERATION_TIME, LAT, LNG)
VALUES(SEQ_AREA_NUM.NEXTVAL, '통도사(부산)', '경부선', '경상남도 양산시 하북면 순지리 670-4', '055-383-6145', '00:00 - 23:59', '35.488841', '129.090775');
INSERT INTO AREA (AREA_NUM, NAME, ROUTE, ADDR, TEL, OPERATION_TIME, LAT, LNG)
VALUES(SEQ_AREA_NUM.NEXTVAL, '평사(부산)', '경부선', '경상남도 밀양시 삼랑진읍 평리 1000', '053-852-8651', '00:00 - 23:59', '35.885522', '128.867541');
INSERT INTO AREA (AREA_NUM, NAME, ROUTE, ADDR, TEL, OPERATION_TIME, LAT, LNG)
VALUES(SEQ_AREA_NUM.NEXTVAL, '평창(강릉)', '영동선', '강원도 평창군 진부면 평창리 789-12', '033-334-5100', '00:00 - 23:59', '37.6055701', '128.452681');
INSERT INTO AREA (AREA_NUM, NAME, ROUTE, ADDR, TEL, OPERATION_TIME, LAT, LNG)
VALUES(SEQ_AREA_NUM.NEXTVAL, '평창(인천)', '영동선', '강원도 평창군 진부면 평창리 789-13', '033-333-6131', '00:00 - 23:59', '37.610876', '128.463363');
INSERT INTO AREA (AREA_NUM, NAME, ROUTE, ADDR, TEL, OPERATION_TIME, LAT, LNG)
VALUES(SEQ_AREA_NUM.NEXTVAL, '평택', '평택제천선', '경기 평택시 청북읍 현곡리 73-18', '031-683-4800', '00:00 - 23:59', '37.045585', '126.943774');
INSERT INTO AREA (AREA_NUM, NAME, ROUTE, ADDR, TEL, OPERATION_TIME, LAT, LNG)
VALUES(SEQ_AREA_NUM.NEXTVAL, '하남드림', '중부선', '경기도 하남시 덕풍동 567-89', '031-791-4200', '00:00 - 23:59', '37.530281', '127.206084');
INSERT INTO AREA (AREA_NUM, NAME, ROUTE, ADDR, TEL, OPERATION_TIME, LAT, LNG)
VALUES(SEQ_AREA_NUM.NEXTVAL, '함안(부산)', '남해선', '경상남도 함안군 칠서면 이룡리 999', '055-582-2191', '00:00 - 23:59', '35.294068', '128.346957');
INSERT INTO AREA (AREA_NUM, NAME, ROUTE, ADDR, TEL, OPERATION_TIME, LAT, LNG)
VALUES(SEQ_AREA_NUM.NEXTVAL, '함안(순천)', '남해선', '경상남도 함안군 칠서면 이룡리 998', '055-582-5470', '00:00 - 23:59', '35.294701', '128.344767');
INSERT INTO AREA (AREA_NUM, NAME, ROUTE, ADDR, TEL, OPERATION_TIME, LAT, LNG)
VALUES(SEQ_AREA_NUM.NEXTVAL, '함양(대전)', '대전통영선', '경상남도 함양군 함양읍 운림리 928-3', '055-963-8001', '00:00 - 23:59', '35.551611', '127.7604201');
INSERT INTO AREA (AREA_NUM, NAME, ROUTE, ADDR, TEL, OPERATION_TIME, LAT, LNG)
VALUES(SEQ_AREA_NUM.NEXTVAL, '함양(통영)', '대전통영선', '경상남도 함양군 함양읍 운림리 928-2', '055-963-6717', '00:00 - 23:59', '35.551322', '127.758563');
INSERT INTO AREA (AREA_NUM, NAME, ROUTE, ADDR, TEL, OPERATION_TIME, LAT, LNG)
VALUES(SEQ_AREA_NUM.NEXTVAL, '함평나비(광주)', '무안광주선', '전라남도 함평군 학교면 월산리 965-6', '061-324-8840', '00:00 - 23:59', '35.037283', '126.511676');
INSERT INTO AREA (AREA_NUM, NAME, ROUTE, ADDR, TEL, OPERATION_TIME, LAT, LNG)
VALUES(SEQ_AREA_NUM.NEXTVAL, '함평나비(무안)', '무안광주선', '전라남도 함평군 학교면 월산리 965-5', '061-324-8858', '00:00 - 23:59', '35.038198', '126.508813');
INSERT INTO AREA (AREA_NUM, NAME, ROUTE, ADDR, TEL, OPERATION_TIME, LAT, LNG)
VALUES(SEQ_AREA_NUM.NEXTVAL, '함평천지(목포)', '서해안선', '전라남도 함평군 함평읍 천지리 890-12', '061-323-3751', '00:00 - 23:59', '35.069687', '126.478247');
INSERT INTO AREA (AREA_NUM, NAME, ROUTE, ADDR, TEL, OPERATION_TIME, LAT, LNG)
VALUES(SEQ_AREA_NUM.NEXTVAL, '함평천지(서울)', '서해안선', '전라남도 함평군 함평읍 천지리 890-13', '061-323-3641', '00:00 - 23:59', '35.130746', '126.482295');
INSERT INTO AREA (AREA_NUM, NAME, ROUTE, ADDR, TEL, OPERATION_TIME, LAT, LNG)
VALUES(SEQ_AREA_NUM.NEXTVAL, '행담도', '서해안선', '충청남도 서산시 해미면 행담도로 901-14', '041-358-0700', '00:00 - 23:59', '36.944819', '126.807525');
INSERT INTO AREA (AREA_NUM, NAME, ROUTE, ADDR, TEL, OPERATION_TIME, LAT, LNG)
VALUES(SEQ_AREA_NUM.NEXTVAL, '현풍(대구)', '중부내륙지선', '대구광역시 달성군 현풍읍 현풍리 345-6', '053-615-0337', '00:00 - 23:59', '35.701841', '128.4381001');
INSERT INTO AREA (AREA_NUM, NAME, ROUTE, ADDR, TEL, OPERATION_TIME, LAT, LNG)
VALUES(SEQ_AREA_NUM.NEXTVAL, '현풍(창원)', '중부내륙지선', '대구광역시 달성군 현풍읍 현풍리 345-7', '053-614-2436', '00:00 - 23:59', '35.701783', '128.435359');
INSERT INTO AREA (AREA_NUM, NAME, ROUTE, ADDR, TEL, OPERATION_TIME, LAT, LNG)
VALUES(SEQ_AREA_NUM.NEXTVAL, '홍성(목포)', '서해안선', '충청남도 홍성군 홍성읍 123-15', '041-642-1151', '00:00 - 23:59', '36.552584', '126.579514');
INSERT INTO AREA (AREA_NUM, NAME, ROUTE, ADDR, TEL, OPERATION_TIME, LAT, LNG)
VALUES(SEQ_AREA_NUM.NEXTVAL, '홍성(서울)', '서해안선', '충청남도 홍성군 홍성읍 123-16', '041-642-1172', '00:00 - 23:59', '36.5524301', '126.5818701');
INSERT INTO AREA (AREA_NUM, NAME, ROUTE, ADDR, TEL, OPERATION_TIME, LAT, LNG)
VALUES(SEQ_AREA_NUM.NEXTVAL, '홍천(서울)', '서울양양선', '강원도 홍천군 홍천읍 홍천리 234-56', '033-436-9000', '00:00 - 23:59', '37.758898', '128.0065801');
INSERT INTO AREA (AREA_NUM, NAME, ROUTE, ADDR, TEL, OPERATION_TIME, LAT, LNG)
VALUES(SEQ_AREA_NUM.NEXTVAL, '홍천(양양)', '서울양양선', '강원도 홍천군 홍천읍 홍천리 234-57', '033-436-3000', '00:00 - 23:59', '37.757369', '128.003099');
INSERT INTO AREA (AREA_NUM, NAME, ROUTE, ADDR, TEL, OPERATION_TIME, LAT, LNG)
VALUES(SEQ_AREA_NUM.NEXTVAL, '홍천강(춘천)', '중앙선', '강원도 홍천군 홍천읍 홍천강변로 123-4', '033-435-1201', '00:00 - 23:59', '37.712386', '127.827719');
INSERT INTO AREA (AREA_NUM, NAME, ROUTE, ADDR, TEL, OPERATION_TIME, LAT, LNG)
VALUES(SEQ_AREA_NUM.NEXTVAL, '화서(영덕)', '당진영덕선', '경상북도 상주시 화서면 신촌리 1004-1', '054-531-1982', '00:00 - 23:59', '36.444053', '127.922637');
INSERT INTO AREA (AREA_NUM, NAME, ROUTE, ADDR, TEL, OPERATION_TIME, LAT, LNG)
VALUES(SEQ_AREA_NUM.NEXTVAL, '화성(목포)', '서해안선', '경기도 화성시 화성동 234-17', '031-353-8140', '00:00 - 23:59', '37.143612', '126.8790801');
INSERT INTO AREA (AREA_NUM, NAME, ROUTE, ADDR, TEL, OPERATION_TIME, LAT, LNG)
VALUES(SEQ_AREA_NUM.NEXTVAL, '화성(서울)', '서해안선', '경기도 화성시 화성동 234-18', '031-353-8143', '00:00 - 23:59', '37.143497', '126.881289');
INSERT INTO AREA (AREA_NUM, NAME, ROUTE, ADDR, TEL, OPERATION_TIME, LAT, LNG)
VALUES(SEQ_AREA_NUM.NEXTVAL, '황간(부산)', '경부선', '충청북도 영동군 황간면 회포리 273-1', '043-742-5805', '00:00 - 23:59', '36.248899', '127.8526701');
INSERT INTO AREA (AREA_NUM, NAME, ROUTE, ADDR, TEL, OPERATION_TIME, LAT, LNG)
VALUES(SEQ_AREA_NUM.NEXTVAL, '황간(서울)', '경부선', '충청북도 영동군 황간면 회포리 272-1', '043-742-7633', '00:00 - 23:59', '36.249437', '127.854835');
INSERT INTO AREA (AREA_NUM, NAME, ROUTE, ADDR, TEL, OPERATION_TIME, LAT, LNG)
VALUES(SEQ_AREA_NUM.NEXTVAL, '황전(순천)', '순천완주선', '전라남도 순천시 황전동 567-89', '061-782-1135', '00:00 - 23:59', '35.148905', '127.454145');
INSERT INTO AREA (AREA_NUM, NAME, ROUTE, ADDR, TEL, OPERATION_TIME, LAT, LNG)
VALUES(SEQ_AREA_NUM.NEXTVAL, '황전(완주)', '순천완주선', '전라북도 완주군 황전면 678-90', '061-782-1154', '00:00 - 23:59', '35.153306', '127.454683');
INSERT INTO AREA (AREA_NUM, NAME, ROUTE, ADDR, TEL, OPERATION_TIME, LAT, LNG)
VALUES(SEQ_AREA_NUM.NEXTVAL, '횡성(강릉)', '영동선', '강원도 횡성군 횡성읍 횡성리 890-23', '033-342-4231', '00:00 - 23:59', '37.462755', '128.133969');
INSERT INTO AREA (AREA_NUM, NAME, ROUTE, ADDR, TEL, OPERATION_TIME, LAT, LNG)
VALUES(SEQ_AREA_NUM.NEXTVAL, '횡성(인천)', '영동선', '강원도 횡성군 횡성읍 횡성리 890-24', '033-342-4200', '00:00 - 23:59', '37.464983', '128.135449');

/* 즐겨찾기 테이블 가데이터 생성 */
/* 1 계정당 20개씩 데이터 */
-- ACC_NUM = 4
INSERT INTO FAVORITE (FAV_NUM, NAME, ACC_NUM, AREA_NUM)
VALUES (SEQ_FAV_NUM.NEXTVAL, '고창고인돌(서울)', 4, 14);
INSERT INTO FAVORITE (FAV_NUM, NAME, ACC_NUM, AREA_NUM)
VALUES (SEQ_FAV_NUM.NEXTVAL, '와촌(포항)', 4, 125);
INSERT INTO FAVORITE (FAV_NUM, NAME, ACC_NUM, AREA_NUM)
VALUES (SEQ_FAV_NUM.NEXTVAL, '옥천(서울)', 4, 123);
INSERT INTO FAVORITE (FAV_NUM, NAME, ACC_NUM, AREA_NUM)
VALUES (SEQ_FAV_NUM.NEXTVAL, '기흥(부산)', 4, 33);
INSERT INTO FAVORITE (FAV_NUM, NAME, ACC_NUM, AREA_NUM)
VALUES (SEQ_FAV_NUM.NEXTVAL, '강천산(광주)', 4, 3);
INSERT INTO FAVORITE (FAV_NUM, NAME, ACC_NUM, AREA_NUM)
VALUES (SEQ_FAV_NUM.NEXTVAL, '죽암(부산)', 4, 149);
INSERT INTO FAVORITE (FAV_NUM, NAME, ACC_NUM, AREA_NUM)
VALUES (SEQ_FAV_NUM.NEXTVAL, '건천(부산)', 4, 7);
INSERT INTO FAVORITE (FAV_NUM, NAME, ACC_NUM, AREA_NUM)
VALUES (SEQ_FAV_NUM.NEXTVAL, '천등산(제천)', 4, 160);
INSERT INTO FAVORITE (FAV_NUM, NAME, ACC_NUM, AREA_NUM)
VALUES (SEQ_FAV_NUM.NEXTVAL, '황전(순천)', 4, 207);
INSERT INTO FAVORITE (FAV_NUM, NAME, ACC_NUM, AREA_NUM)
VALUES (SEQ_FAV_NUM.NEXTVAL, '홍천강(춘천)', 4, 201);
INSERT INTO FAVORITE (FAV_NUM, NAME, ACC_NUM, AREA_NUM)
VALUES (SEQ_FAV_NUM.NEXTVAL, '평사(부산)', 4, 181);
INSERT INTO FAVORITE (FAV_NUM, NAME, ACC_NUM, AREA_NUM)
VALUES (SEQ_FAV_NUM.NEXTVAL, '음성(하남)', 4, 135);
INSERT INTO FAVORITE (FAV_NUM, NAME, ACC_NUM, AREA_NUM)
VALUES (SEQ_FAV_NUM.NEXTVAL, '문의청남대(청주)', 4, 63);
INSERT INTO FAVORITE (FAV_NUM, NAME, ACC_NUM, AREA_NUM)
VALUES (SEQ_FAV_NUM.NEXTVAL, '옥천만남', 4, 124);
INSERT INTO FAVORITE (FAV_NUM, NAME, ACC_NUM, AREA_NUM)
VALUES (SEQ_FAV_NUM.NEXTVAL, '신탄진(서울)', 4, 97);
INSERT INTO FAVORITE (FAV_NUM, NAME, ACC_NUM, AREA_NUM)
VALUES (SEQ_FAV_NUM.NEXTVAL, '성주(양평)', 4, 92);
INSERT INTO FAVORITE (FAV_NUM, NAME, ACC_NUM, AREA_NUM)
VALUES (SEQ_FAV_NUM.NEXTVAL, '화성(서울)', 4, 204);
INSERT INTO FAVORITE (FAV_NUM, NAME, ACC_NUM, AREA_NUM)
VALUES (SEQ_FAV_NUM.NEXTVAL, '예산(당진)', 4, 114);
INSERT INTO FAVORITE (FAV_NUM, NAME, ACC_NUM, AREA_NUM)
VALUES (SEQ_FAV_NUM.NEXTVAL, '의성(영덕)', 4, 136);
INSERT INTO FAVORITE (FAV_NUM, NAME, ACC_NUM, AREA_NUM)
VALUES (SEQ_FAV_NUM.NEXTVAL, '화성(목포)', 4, 203);
-- ACC_NUM = 5
INSERT INTO FAVORITE (FAV_NUM, NAME, ACC_NUM, AREA_NUM)
VALUES (SEQ_FAV_NUM.NEXTVAL, '안성(부산)', 5, 101);
INSERT INTO FAVORITE (FAV_NUM, NAME, ACC_NUM, AREA_NUM)
VALUES (SEQ_FAV_NUM.NEXTVAL, '서부산(순천)', 5, 80);
INSERT INTO FAVORITE (FAV_NUM, NAME, ACC_NUM, AREA_NUM)
VALUES (SEQ_FAV_NUM.NEXTVAL, '금왕(평택)', 5, 32);
INSERT INTO FAVORITE (FAV_NUM, NAME, ACC_NUM, AREA_NUM)
VALUES (SEQ_FAV_NUM.NEXTVAL, '문의청남대(청주)', 5, 63);
INSERT INTO FAVORITE (FAV_NUM, NAME, ACC_NUM, AREA_NUM)
VALUES (SEQ_FAV_NUM.NEXTVAL, '구정(속초)', 5, 23);
INSERT INTO FAVORITE (FAV_NUM, NAME, ACC_NUM, AREA_NUM)
VALUES (SEQ_FAV_NUM.NEXTVAL, '서천(서울)', 5, 87);
INSERT INTO FAVORITE (FAV_NUM, NAME, ACC_NUM, AREA_NUM)
VALUES (SEQ_FAV_NUM.NEXTVAL, '덕유산(통영)', 5, 48);
INSERT INTO FAVORITE (FAV_NUM, NAME, ACC_NUM, AREA_NUM)
VALUES (SEQ_FAV_NUM.NEXTVAL, '문경(양평)', 5, 57);
INSERT INTO FAVORITE (FAV_NUM, NAME, ACC_NUM, AREA_NUM)
VALUES (SEQ_FAV_NUM.NEXTVAL, '신탄진(서울)', 5, 97);
INSERT INTO FAVORITE (FAV_NUM, NAME, ACC_NUM, AREA_NUM)
VALUES (SEQ_FAV_NUM.NEXTVAL, '내린천', 5, 40);
INSERT INTO FAVORITE (FAV_NUM, NAME, ACC_NUM, AREA_NUM)
VALUES (SEQ_FAV_NUM.NEXTVAL, '장흥정남진', 5, 144);
INSERT INTO FAVORITE (FAV_NUM, NAME, ACC_NUM, AREA_NUM)
VALUES (SEQ_FAV_NUM.NEXTVAL, '함평나비(광주)', 5, 190);
INSERT INTO FAVORITE (FAV_NUM, NAME, ACC_NUM, AREA_NUM)
VALUES (SEQ_FAV_NUM.NEXTVAL, '의성(영덕)', 5, 136);
INSERT INTO FAVORITE (FAV_NUM, NAME, ACC_NUM, AREA_NUM)
VALUES (SEQ_FAV_NUM.NEXTVAL, '강릉(인천)', 5, 2);
INSERT INTO FAVORITE (FAV_NUM, NAME, ACC_NUM, AREA_NUM)
VALUES (SEQ_FAV_NUM.NEXTVAL, '천안삼거리(서울)', 5, 162);
INSERT INTO FAVORITE (FAV_NUM, NAME, ACC_NUM, AREA_NUM)
VALUES (SEQ_FAV_NUM.NEXTVAL, '칠곡(서울)', 5, 178);
INSERT INTO FAVORITE (FAV_NUM, NAME, ACC_NUM, AREA_NUM)
VALUES (SEQ_FAV_NUM.NEXTVAL, '경산(서울)', 5, 9);
INSERT INTO FAVORITE (FAV_NUM, NAME, ACC_NUM, AREA_NUM)
VALUES (SEQ_FAV_NUM.NEXTVAL, '충주(창원)', 5, 174);
INSERT INTO FAVORITE (FAV_NUM, NAME, ACC_NUM, AREA_NUM)
VALUES (SEQ_FAV_NUM.NEXTVAL, '홍천(서울)', 5, 199);
INSERT INTO FAVORITE (FAV_NUM, NAME, ACC_NUM, AREA_NUM)
VALUES (SEQ_FAV_NUM.NEXTVAL, '백양사(천안)', 5, 67);
-- ACC_NUM = 6
INSERT INTO FAVORITE (FAV_NUM, NAME, ACC_NUM, AREA_NUM)
VALUES (SEQ_FAV_NUM.NEXTVAL, '이천(하남)', 6, 141);
INSERT INTO FAVORITE (FAV_NUM, NAME, ACC_NUM, AREA_NUM)
VALUES (SEQ_FAV_NUM.NEXTVAL, '정읍녹두장군(천안)', 6, 146);
INSERT INTO FAVORITE (FAV_NUM, NAME, ACC_NUM, AREA_NUM)
VALUES (SEQ_FAV_NUM.NEXTVAL, '문경(창원)', 6, 58);
INSERT INTO FAVORITE (FAV_NUM, NAME, ACC_NUM, AREA_NUM)
VALUES (SEQ_FAV_NUM.NEXTVAL, '구리(일산)', 6, 21);
INSERT INTO FAVORITE (FAV_NUM, NAME, ACC_NUM, AREA_NUM)
VALUES (SEQ_FAV_NUM.NEXTVAL, '홍천(서울)', 6, 199);
INSERT INTO FAVORITE (FAV_NUM, NAME, ACC_NUM, AREA_NUM)
VALUES (SEQ_FAV_NUM.NEXTVAL, '남성주참외(양평)', 6, 37);
INSERT INTO FAVORITE (FAV_NUM, NAME, ACC_NUM, AREA_NUM)
VALUES (SEQ_FAV_NUM.NEXTVAL, '오창(남이)', 6, 118);
INSERT INTO FAVORITE (FAV_NUM, NAME, ACC_NUM, AREA_NUM)
VALUES (SEQ_FAV_NUM.NEXTVAL, '행담도', 6, 194);
INSERT INTO FAVORITE (FAV_NUM, NAME, ACC_NUM, AREA_NUM)
VALUES (SEQ_FAV_NUM.NEXTVAL, '여주(인천)', 6, 110);
INSERT INTO FAVORITE (FAV_NUM, NAME, ACC_NUM, AREA_NUM)
VALUES (SEQ_FAV_NUM.NEXTVAL, '고창고인돌(목포)', 6, 13);
INSERT INTO FAVORITE (FAV_NUM, NAME, ACC_NUM, AREA_NUM)
VALUES (SEQ_FAV_NUM.NEXTVAL, '횡성(강릉)', 6, 209);
INSERT INTO FAVORITE (FAV_NUM, NAME, ACC_NUM, AREA_NUM)
VALUES (SEQ_FAV_NUM.NEXTVAL, '금강(부산)', 6, 28);
INSERT INTO FAVORITE (FAV_NUM, NAME, ACC_NUM, AREA_NUM)
VALUES (SEQ_FAV_NUM.NEXTVAL, '사천(부산)', 6, 76);
INSERT INTO FAVORITE (FAV_NUM, NAME, ACC_NUM, AREA_NUM)
VALUES (SEQ_FAV_NUM.NEXTVAL, '벌곡(대전)', 6, 69);
INSERT INTO FAVORITE (FAV_NUM, NAME, ACC_NUM, AREA_NUM)
VALUES (SEQ_FAV_NUM.NEXTVAL, '곡성(천안)', 6, 16);
INSERT INTO FAVORITE (FAV_NUM, NAME, ACC_NUM, AREA_NUM)
VALUES (SEQ_FAV_NUM.NEXTVAL, '안성맞춤(평택)', 6, 104);
INSERT INTO FAVORITE (FAV_NUM, NAME, ACC_NUM, AREA_NUM)
VALUES (SEQ_FAV_NUM.NEXTVAL, '외동(부산)', 6, 126);
INSERT INTO FAVORITE (FAV_NUM, NAME, ACC_NUM, AREA_NUM)
VALUES (SEQ_FAV_NUM.NEXTVAL, '처인', 6, 159);
INSERT INTO FAVORITE (FAV_NUM, NAME, ACC_NUM, AREA_NUM)
VALUES (SEQ_FAV_NUM.NEXTVAL, '와촌(포항)', 6, 125);
INSERT INTO FAVORITE (FAV_NUM, NAME, ACC_NUM, AREA_NUM)
VALUES (SEQ_FAV_NUM.NEXTVAL, '군위(춘천)', 6, 27);
-- ACC_NUM = 7
INSERT INTO FAVORITE (FAV_NUM, NAME, ACC_NUM, AREA_NUM)
VALUES (SEQ_FAV_NUM.NEXTVAL, '칠곡(서울)', 7, 178);
INSERT INTO FAVORITE (FAV_NUM, NAME, ACC_NUM, AREA_NUM)
VALUES (SEQ_FAV_NUM.NEXTVAL, '홍성(목포)', 7, 197);
INSERT INTO FAVORITE (FAV_NUM, NAME, ACC_NUM, AREA_NUM)
VALUES (SEQ_FAV_NUM.NEXTVAL, '충주(창원)', 7, 174);
INSERT INTO FAVORITE (FAV_NUM, NAME, ACC_NUM, AREA_NUM)
VALUES (SEQ_FAV_NUM.NEXTVAL, '함평나비(무안)', 7, 191);
INSERT INTO FAVORITE (FAV_NUM, NAME, ACC_NUM, AREA_NUM)
VALUES (SEQ_FAV_NUM.NEXTVAL, '함평천지(서울)', 7, 193);
INSERT INTO FAVORITE (FAV_NUM, NAME, ACC_NUM, AREA_NUM)
VALUES (SEQ_FAV_NUM.NEXTVAL, '홍성(서울)', 7, 198);
INSERT INTO FAVORITE (FAV_NUM, NAME, ACC_NUM, AREA_NUM)
VALUES (SEQ_FAV_NUM.NEXTVAL, '춘천(부산)', 7, 170);
INSERT INTO FAVORITE (FAV_NUM, NAME, ACC_NUM, AREA_NUM)
VALUES (SEQ_FAV_NUM.NEXTVAL, '마장', 7, 53);
INSERT INTO FAVORITE (FAV_NUM, NAME, ACC_NUM, AREA_NUM)
VALUES (SEQ_FAV_NUM.NEXTVAL, '평사(부산)', 7, 181);
INSERT INTO FAVORITE (FAV_NUM, NAME, ACC_NUM, AREA_NUM)
VALUES (SEQ_FAV_NUM.NEXTVAL, '죽전(서울)', 7, 151);
INSERT INTO FAVORITE (FAV_NUM, NAME, ACC_NUM, AREA_NUM)
VALUES (SEQ_FAV_NUM.NEXTVAL, '김해금관가야', 7, 36);
INSERT INTO FAVORITE (FAV_NUM, NAME, ACC_NUM, AREA_NUM)
VALUES (SEQ_FAV_NUM.NEXTVAL, '금왕(평택)', 7, 32);
INSERT INTO FAVORITE (FAV_NUM, NAME, ACC_NUM, AREA_NUM)
VALUES (SEQ_FAV_NUM.NEXTVAL, '함평천지(목포)', 7, 192);
INSERT INTO FAVORITE (FAV_NUM, NAME, ACC_NUM, AREA_NUM)
VALUES (SEQ_FAV_NUM.NEXTVAL, '이서(천안)', 7, 139);
INSERT INTO FAVORITE (FAV_NUM, NAME, ACC_NUM, AREA_NUM)
VALUES (SEQ_FAV_NUM.NEXTVAL, '함양(대전)', 7, 188);
INSERT INTO FAVORITE (FAV_NUM, NAME, ACC_NUM, AREA_NUM)
VALUES (SEQ_FAV_NUM.NEXTVAL, '충주(양평)', 7, 173);
INSERT INTO FAVORITE (FAV_NUM, NAME, ACC_NUM, AREA_NUM)
VALUES (SEQ_FAV_NUM.NEXTVAL, '금왕(제천)', 7, 31);
INSERT INTO FAVORITE (FAV_NUM, NAME, ACC_NUM, AREA_NUM)
VALUES (SEQ_FAV_NUM.NEXTVAL, '서여주(양평)', 7, 83);
INSERT INTO FAVORITE (FAV_NUM, NAME, ACC_NUM, AREA_NUM)
VALUES (SEQ_FAV_NUM.NEXTVAL, '외동(부산)', 7, 126);
INSERT INTO FAVORITE (FAV_NUM, NAME, ACC_NUM, AREA_NUM)
VALUES (SEQ_FAV_NUM.NEXTVAL, '칠곡(부산)', 7, 177);
-- ACC_NUM = 8
INSERT INTO FAVORITE (FAV_NUM, NAME, ACC_NUM, AREA_NUM)
VALUES (SEQ_FAV_NUM.NEXTVAL, '동해(삼척)', 8, 52);
INSERT INTO FAVORITE (FAV_NUM, NAME, ACC_NUM, AREA_NUM)
VALUES (SEQ_FAV_NUM.NEXTVAL, '덕유산(통영)', 8, 48);
INSERT INTO FAVORITE (FAV_NUM, NAME, ACC_NUM, AREA_NUM)
VALUES (SEQ_FAV_NUM.NEXTVAL, '치악(춘천)', 8, 176);
INSERT INTO FAVORITE (FAV_NUM, NAME, ACC_NUM, AREA_NUM)
VALUES (SEQ_FAV_NUM.NEXTVAL, '주암(순천)', 8, 147);
INSERT INTO FAVORITE (FAV_NUM, NAME, ACC_NUM, AREA_NUM)
VALUES (SEQ_FAV_NUM.NEXTVAL, '선산(창원)', 8, 89);
INSERT INTO FAVORITE (FAV_NUM, NAME, ACC_NUM, AREA_NUM)
VALUES (SEQ_FAV_NUM.NEXTVAL, '함평천지(목포)', 8, 192);
INSERT INTO FAVORITE (FAV_NUM, NAME, ACC_NUM, AREA_NUM)
VALUES (SEQ_FAV_NUM.NEXTVAL, '강천산(대구)', 8, 4);
INSERT INTO FAVORITE (FAV_NUM, NAME, ACC_NUM, AREA_NUM)
VALUES (SEQ_FAV_NUM.NEXTVAL, '선산(양평)', 8, 88);
INSERT INTO FAVORITE (FAV_NUM, NAME, ACC_NUM, AREA_NUM)
VALUES (SEQ_FAV_NUM.NEXTVAL, '금산인삼랜드(대전)', 8, 29);
INSERT INTO FAVORITE (FAV_NUM, NAME, ACC_NUM, AREA_NUM)
VALUES (SEQ_FAV_NUM.NEXTVAL, '현풍(창원)', 8, 196);
INSERT INTO FAVORITE (FAV_NUM, NAME, ACC_NUM, AREA_NUM)
VALUES (SEQ_FAV_NUM.NEXTVAL, '공주(대전)', 8, 18);
INSERT INTO FAVORITE (FAV_NUM, NAME, ACC_NUM, AREA_NUM)
VALUES (SEQ_FAV_NUM.NEXTVAL, '지리산(광주)', 8, 152);
INSERT INTO FAVORITE (FAV_NUM, NAME, ACC_NUM, AREA_NUM)
VALUES (SEQ_FAV_NUM.NEXTVAL, '곡성(천안)', 8, 16);
INSERT INTO FAVORITE (FAV_NUM, NAME, ACC_NUM, AREA_NUM)
VALUES (SEQ_FAV_NUM.NEXTVAL, '원주(부산)', 8, 132);
INSERT INTO FAVORITE (FAV_NUM, NAME, ACC_NUM, AREA_NUM)
VALUES (SEQ_FAV_NUM.NEXTVAL, '금왕(평택)', 8, 32);
INSERT INTO FAVORITE (FAV_NUM, NAME, ACC_NUM, AREA_NUM)
VALUES (SEQ_FAV_NUM.NEXTVAL, '대천(목포)', 8, 45);
INSERT INTO FAVORITE (FAV_NUM, NAME, ACC_NUM, AREA_NUM)
VALUES (SEQ_FAV_NUM.NEXTVAL, '정읍녹두장군(순천)', 8, 145);
INSERT INTO FAVORITE (FAV_NUM, NAME, ACC_NUM, AREA_NUM)
VALUES (SEQ_FAV_NUM.NEXTVAL, '섬진강(부산)', 8, 90);
INSERT INTO FAVORITE (FAV_NUM, NAME, ACC_NUM, AREA_NUM)
VALUES (SEQ_FAV_NUM.NEXTVAL, '밀양영남루(울산)', 8, 64);
INSERT INTO FAVORITE (FAV_NUM, NAME, ACC_NUM, AREA_NUM)
VALUES (SEQ_FAV_NUM.NEXTVAL, '공주(당진)', 8, 17);
-- ACC_NUM = 9
INSERT INTO FAVORITE (FAV_NUM, NAME, ACC_NUM, AREA_NUM)
VALUES (SEQ_FAV_NUM.NEXTVAL, '군산(서울)', 9, 25);
INSERT INTO FAVORITE (FAV_NUM, NAME, ACC_NUM, AREA_NUM)
VALUES (SEQ_FAV_NUM.NEXTVAL, '건천(서울)', 9, 8);
INSERT INTO FAVORITE (FAV_NUM, NAME, ACC_NUM, AREA_NUM)
VALUES (SEQ_FAV_NUM.NEXTVAL, '속리산(청주)', 9, 94);
INSERT INTO FAVORITE (FAV_NUM, NAME, ACC_NUM, AREA_NUM)
VALUES (SEQ_FAV_NUM.NEXTVAL, '홍천(양양)', 9, 200);
INSERT INTO FAVORITE (FAV_NUM, NAME, ACC_NUM, AREA_NUM)
VALUES (SEQ_FAV_NUM.NEXTVAL, '공주(당진)', 9, 17);
INSERT INTO FAVORITE (FAV_NUM, NAME, ACC_NUM, AREA_NUM)
VALUES (SEQ_FAV_NUM.NEXTVAL, '부안고려청자(서울)', 9, 73);
INSERT INTO FAVORITE (FAV_NUM, NAME, ACC_NUM, AREA_NUM)
VALUES (SEQ_FAV_NUM.NEXTVAL, '문산(순천)', 9, 61);
INSERT INTO FAVORITE (FAV_NUM, NAME, ACC_NUM, AREA_NUM)
VALUES (SEQ_FAV_NUM.NEXTVAL, '홍천(서울)', 9, 199);
INSERT INTO FAVORITE (FAV_NUM, NAME, ACC_NUM, AREA_NUM)
VALUES (SEQ_FAV_NUM.NEXTVAL, '함안(부산)', 9, 186);
INSERT INTO FAVORITE (FAV_NUM, NAME, ACC_NUM, AREA_NUM)
VALUES (SEQ_FAV_NUM.NEXTVAL, '춘천(부산)', 9, 170);
INSERT INTO FAVORITE (FAV_NUM, NAME, ACC_NUM, AREA_NUM)
VALUES (SEQ_FAV_NUM.NEXTVAL, '황전(완주)', 9, 208);
INSERT INTO FAVORITE (FAV_NUM, NAME, ACC_NUM, AREA_NUM)
VALUES (SEQ_FAV_NUM.NEXTVAL, '부여백제(서천)', 9, 75);
INSERT INTO FAVORITE (FAV_NUM, NAME, ACC_NUM, AREA_NUM)
VALUES (SEQ_FAV_NUM.NEXTVAL, '화서(영덕)', 9, 202);
INSERT INTO FAVORITE (FAV_NUM, NAME, ACC_NUM, AREA_NUM)
VALUES (SEQ_FAV_NUM.NEXTVAL, '청송(영덕)', 9, 164);
INSERT INTO FAVORITE (FAV_NUM, NAME, ACC_NUM, AREA_NUM)
VALUES (SEQ_FAV_NUM.NEXTVAL, '덕유산(통영)', 9, 48);
INSERT INTO FAVORITE (FAV_NUM, NAME, ACC_NUM, AREA_NUM)
VALUES (SEQ_FAV_NUM.NEXTVAL, '동명(부산)', 9, 50);
INSERT INTO FAVORITE (FAV_NUM, NAME, ACC_NUM, AREA_NUM)
VALUES (SEQ_FAV_NUM.NEXTVAL, '장흥정남진', 9, 144);
INSERT INTO FAVORITE (FAV_NUM, NAME, ACC_NUM, AREA_NUM)
VALUES (SEQ_FAV_NUM.NEXTVAL, '통도사(부산)', 9, 180);
INSERT INTO FAVORITE (FAV_NUM, NAME, ACC_NUM, AREA_NUM)
VALUES (SEQ_FAV_NUM.NEXTVAL, '고창고인돌(목포)', 9, 13);
INSERT INTO FAVORITE (FAV_NUM, NAME, ACC_NUM, AREA_NUM)
VALUES (SEQ_FAV_NUM.NEXTVAL, '산청(대전)', 9, 78);
-- ACC_NUM = 10
INSERT INTO FAVORITE (FAV_NUM, NAME, ACC_NUM, AREA_NUM)
VALUES (SEQ_FAV_NUM.NEXTVAL, '여산(순천)', 10, 107);
INSERT INTO FAVORITE (FAV_NUM, NAME, ACC_NUM, AREA_NUM)
VALUES (SEQ_FAV_NUM.NEXTVAL, '옥천(부산)', 10, 122);
INSERT INTO FAVORITE (FAV_NUM, NAME, ACC_NUM, AREA_NUM)
VALUES (SEQ_FAV_NUM.NEXTVAL, '칠곡(서울)', 10, 178);
INSERT INTO FAVORITE (FAV_NUM, NAME, ACC_NUM, AREA_NUM)
VALUES (SEQ_FAV_NUM.NEXTVAL, '함양(통영)', 10, 189);
INSERT INTO FAVORITE (FAV_NUM, NAME, ACC_NUM, AREA_NUM)
VALUES (SEQ_FAV_NUM.NEXTVAL, '군산(서울)', 10, 25);
INSERT INTO FAVORITE (FAV_NUM, NAME, ACC_NUM, AREA_NUM)
VALUES (SEQ_FAV_NUM.NEXTVAL, '황전(완주)', 10, 208);
INSERT INTO FAVORITE (FAV_NUM, NAME, ACC_NUM, AREA_NUM)
VALUES (SEQ_FAV_NUM.NEXTVAL, '곡성(순천)', 10, 15);
INSERT INTO FAVORITE (FAV_NUM, NAME, ACC_NUM, AREA_NUM)
VALUES (SEQ_FAV_NUM.NEXTVAL, '이천(하남)', 10, 141);
INSERT INTO FAVORITE (FAV_NUM, NAME, ACC_NUM, AREA_NUM)
VALUES (SEQ_FAV_NUM.NEXTVAL, '문막(인천)', 10, 60);
INSERT INTO FAVORITE (FAV_NUM, NAME, ACC_NUM, AREA_NUM)
VALUES (SEQ_FAV_NUM.NEXTVAL, '여산(천안)', 10, 108);
INSERT INTO FAVORITE (FAV_NUM, NAME, ACC_NUM, AREA_NUM)
VALUES (SEQ_FAV_NUM.NEXTVAL, '여주(인천)', 10, 110);
INSERT INTO FAVORITE (FAV_NUM, NAME, ACC_NUM, AREA_NUM)
VALUES (SEQ_FAV_NUM.NEXTVAL, '함안(부산)', 10, 186);
INSERT INTO FAVORITE (FAV_NUM, NAME, ACC_NUM, AREA_NUM)
VALUES (SEQ_FAV_NUM.NEXTVAL, '보성녹차(순천)', 10, 70);
INSERT INTO FAVORITE (FAV_NUM, NAME, ACC_NUM, AREA_NUM)
VALUES (SEQ_FAV_NUM.NEXTVAL, '산청(통영)', 10, 79);
INSERT INTO FAVORITE (FAV_NUM, NAME, ACC_NUM, AREA_NUM)
VALUES (SEQ_FAV_NUM.NEXTVAL, '고창고인돌(목포)', 10, 13);
INSERT INTO FAVORITE (FAV_NUM, NAME, ACC_NUM, AREA_NUM)
VALUES (SEQ_FAV_NUM.NEXTVAL, '금왕(평택)', 10, 32);
INSERT INTO FAVORITE (FAV_NUM, NAME, ACC_NUM, AREA_NUM)
VALUES (SEQ_FAV_NUM.NEXTVAL, '청주(서울)', 10, 166);
INSERT INTO FAVORITE (FAV_NUM, NAME, ACC_NUM, AREA_NUM)
VALUES (SEQ_FAV_NUM.NEXTVAL, '덕유산(대전)', 10, 47);
INSERT INTO FAVORITE (FAV_NUM, NAME, ACC_NUM, AREA_NUM)
VALUES (SEQ_FAV_NUM.NEXTVAL, '서여주(양평)', 10, 83);
INSERT INTO FAVORITE (FAV_NUM, NAME, ACC_NUM, AREA_NUM)
VALUES (SEQ_FAV_NUM.NEXTVAL, '지리산(광주)', 10, 152);
-- ACC_NUM = 11
INSERT INTO FAVORITE (FAV_NUM, NAME, ACC_NUM, AREA_NUM)
VALUES (SEQ_FAV_NUM.NEXTVAL, '시흥하늘', 11, 96);
INSERT INTO FAVORITE (FAV_NUM, NAME, ACC_NUM, AREA_NUM)
VALUES (SEQ_FAV_NUM.NEXTVAL, '통도사(부산)', 11, 180);
INSERT INTO FAVORITE (FAV_NUM, NAME, ACC_NUM, AREA_NUM)
VALUES (SEQ_FAV_NUM.NEXTVAL, '진안마이산(장수)', 11, 155);
INSERT INTO FAVORITE (FAV_NUM, NAME, ACC_NUM, AREA_NUM)
VALUES (SEQ_FAV_NUM.NEXTVAL, '이서(순천)', 11, 138);
INSERT INTO FAVORITE (FAV_NUM, NAME, ACC_NUM, AREA_NUM)
VALUES (SEQ_FAV_NUM.NEXTVAL, '홍성(서울)', 11, 198);
INSERT INTO FAVORITE (FAV_NUM, NAME, ACC_NUM, AREA_NUM)
VALUES (SEQ_FAV_NUM.NEXTVAL, '이서(천안)', 11, 139);
INSERT INTO FAVORITE (FAV_NUM, NAME, ACC_NUM, AREA_NUM)
VALUES (SEQ_FAV_NUM.NEXTVAL, '안성(부산)', 11, 101);
INSERT INTO FAVORITE (FAV_NUM, NAME, ACC_NUM, AREA_NUM)
VALUES (SEQ_FAV_NUM.NEXTVAL, '영천(포항)', 11, 113);
INSERT INTO FAVORITE (FAV_NUM, NAME, ACC_NUM, AREA_NUM)
VALUES (SEQ_FAV_NUM.NEXTVAL, '예산(대전)', 11, 115);
INSERT INTO FAVORITE (FAV_NUM, NAME, ACC_NUM, AREA_NUM)
VALUES (SEQ_FAV_NUM.NEXTVAL, '정읍녹두장군(순천)', 11, 145);
INSERT INTO FAVORITE (FAV_NUM, NAME, ACC_NUM, AREA_NUM)
VALUES (SEQ_FAV_NUM.NEXTVAL, '충주(양평)', 11, 173);
INSERT INTO FAVORITE (FAV_NUM, NAME, ACC_NUM, AREA_NUM)
VALUES (SEQ_FAV_NUM.NEXTVAL, '남성주참외(양평)', 11, 37);
INSERT INTO FAVORITE (FAV_NUM, NAME, ACC_NUM, AREA_NUM)
VALUES (SEQ_FAV_NUM.NEXTVAL, '서울만남(부산)', 11, 85);
INSERT INTO FAVORITE (FAV_NUM, NAME, ACC_NUM, AREA_NUM)
VALUES (SEQ_FAV_NUM.NEXTVAL, '오창(남이)', 11, 118);
INSERT INTO FAVORITE (FAV_NUM, NAME, ACC_NUM, AREA_NUM)
VALUES (SEQ_FAV_NUM.NEXTVAL, '화성(서울)', 11, 204);
INSERT INTO FAVORITE (FAV_NUM, NAME, ACC_NUM, AREA_NUM)
VALUES (SEQ_FAV_NUM.NEXTVAL, '밀양영남루(울산)', 11, 64);
INSERT INTO FAVORITE (FAV_NUM, NAME, ACC_NUM, AREA_NUM)
VALUES (SEQ_FAV_NUM.NEXTVAL, '경산(서울)', 11, 9);
INSERT INTO FAVORITE (FAV_NUM, NAME, ACC_NUM, AREA_NUM)
VALUES (SEQ_FAV_NUM.NEXTVAL, '서산(목포)', 11, 81);
INSERT INTO FAVORITE (FAV_NUM, NAME, ACC_NUM, AREA_NUM)
VALUES (SEQ_FAV_NUM.NEXTVAL, '대천(목포)', 11, 45);
INSERT INTO FAVORITE (FAV_NUM, NAME, ACC_NUM, AREA_NUM)
VALUES (SEQ_FAV_NUM.NEXTVAL, '건천(서울)', 11, 8);
-- ACC_NUM = 12
INSERT INTO FAVORITE (FAV_NUM, NAME, ACC_NUM, AREA_NUM)
VALUES (SEQ_FAV_NUM.NEXTVAL, '함안(순천)', 12, 187);
INSERT INTO FAVORITE (FAV_NUM, NAME, ACC_NUM, AREA_NUM)
VALUES (SEQ_FAV_NUM.NEXTVAL, '문의청남대(영덕)', 12, 62);
INSERT INTO FAVORITE (FAV_NUM, NAME, ACC_NUM, AREA_NUM)
VALUES (SEQ_FAV_NUM.NEXTVAL, '공주(당진)', 12, 17);
INSERT INTO FAVORITE (FAV_NUM, NAME, ACC_NUM, AREA_NUM)
VALUES (SEQ_FAV_NUM.NEXTVAL, '서부산(순천)', 12, 80);
INSERT INTO FAVORITE (FAV_NUM, NAME, ACC_NUM, AREA_NUM)
VALUES (SEQ_FAV_NUM.NEXTVAL, '논공(대구)', 12, 42);
INSERT INTO FAVORITE (FAV_NUM, NAME, ACC_NUM, AREA_NUM)
VALUES (SEQ_FAV_NUM.NEXTVAL, '보성녹차(영암)', 12, 71);
INSERT INTO FAVORITE (FAV_NUM, NAME, ACC_NUM, AREA_NUM)
VALUES (SEQ_FAV_NUM.NEXTVAL, '외동(부산)', 12, 126);
INSERT INTO FAVORITE (FAV_NUM, NAME, ACC_NUM, AREA_NUM)
VALUES (SEQ_FAV_NUM.NEXTVAL, '정읍녹두장군(순천)', 12, 145);
INSERT INTO FAVORITE (FAV_NUM, NAME, ACC_NUM, AREA_NUM)
VALUES (SEQ_FAV_NUM.NEXTVAL, '춘향(순천)', 12, 171);
INSERT INTO FAVORITE (FAV_NUM, NAME, ACC_NUM, AREA_NUM)
VALUES (SEQ_FAV_NUM.NEXTVAL, '단양팔경(부산)', 12, 43);
INSERT INTO FAVORITE (FAV_NUM, NAME, ACC_NUM, AREA_NUM)
VALUES (SEQ_FAV_NUM.NEXTVAL, '진주(부산)', 12, 158);
INSERT INTO FAVORITE (FAV_NUM, NAME, ACC_NUM, AREA_NUM)
VALUES (SEQ_FAV_NUM.NEXTVAL, '여주(강릉)', 12, 109);
INSERT INTO FAVORITE (FAV_NUM, NAME, ACC_NUM, AREA_NUM)
VALUES (SEQ_FAV_NUM.NEXTVAL, '의성(영덕)', 12, 136);
INSERT INTO FAVORITE (FAV_NUM, NAME, ACC_NUM, AREA_NUM)
VALUES (SEQ_FAV_NUM.NEXTVAL, '함평천지(목포)', 12, 192);
INSERT INTO FAVORITE (FAV_NUM, NAME, ACC_NUM, AREA_NUM)
VALUES (SEQ_FAV_NUM.NEXTVAL, '칠곡(서울)', 12, 178);
INSERT INTO FAVORITE (FAV_NUM, NAME, ACC_NUM, AREA_NUM)
VALUES (SEQ_FAV_NUM.NEXTVAL, '칠서(양평)', 12, 179);
INSERT INTO FAVORITE (FAV_NUM, NAME, ACC_NUM, AREA_NUM)
VALUES (SEQ_FAV_NUM.NEXTVAL, '구정(삼척)', 12, 22);
INSERT INTO FAVORITE (FAV_NUM, NAME, ACC_NUM, AREA_NUM)
VALUES (SEQ_FAV_NUM.NEXTVAL, '단양팔경(춘천)', 12, 44);
INSERT INTO FAVORITE (FAV_NUM, NAME, ACC_NUM, AREA_NUM)
VALUES (SEQ_FAV_NUM.NEXTVAL, '옥천(서울)', 12, 123);
INSERT INTO FAVORITE (FAV_NUM, NAME, ACC_NUM, AREA_NUM)
VALUES (SEQ_FAV_NUM.NEXTVAL, '강천산(광주)', 12, 3);
-- ACC_NUM = 13
INSERT INTO FAVORITE (FAV_NUM, NAME, ACC_NUM, AREA_NUM)
VALUES (SEQ_FAV_NUM.NEXTVAL, '강릉(인천)', 13, 2);
INSERT INTO FAVORITE (FAV_NUM, NAME, ACC_NUM, AREA_NUM)
VALUES (SEQ_FAV_NUM.NEXTVAL, '오수(완주)', 13, 117);
INSERT INTO FAVORITE (FAV_NUM, NAME, ACC_NUM, AREA_NUM)
VALUES (SEQ_FAV_NUM.NEXTVAL, '오창(남이)', 13, 118);
INSERT INTO FAVORITE (FAV_NUM, NAME, ACC_NUM, AREA_NUM)
VALUES (SEQ_FAV_NUM.NEXTVAL, '영천(포항)', 13, 113);
INSERT INTO FAVORITE (FAV_NUM, NAME, ACC_NUM, AREA_NUM)
VALUES (SEQ_FAV_NUM.NEXTVAL, '금산인삼랜드(통영)', 13, 30);
INSERT INTO FAVORITE (FAV_NUM, NAME, ACC_NUM, AREA_NUM)
VALUES (SEQ_FAV_NUM.NEXTVAL, '옥산(부산)', 13, 121);
INSERT INTO FAVORITE (FAV_NUM, NAME, ACC_NUM, AREA_NUM)
VALUES (SEQ_FAV_NUM.NEXTVAL, '입장거봉포도(서울)', 13, 142);
INSERT INTO FAVORITE (FAV_NUM, NAME, ACC_NUM, AREA_NUM)
VALUES (SEQ_FAV_NUM.NEXTVAL, '문경(양평)', 13, 57);
INSERT INTO FAVORITE (FAV_NUM, NAME, ACC_NUM, AREA_NUM)
VALUES (SEQ_FAV_NUM.NEXTVAL, '동명(춘천)', 13, 51);
INSERT INTO FAVORITE (FAV_NUM, NAME, ACC_NUM, AREA_NUM)
VALUES (SEQ_FAV_NUM.NEXTVAL, '성주(창원)', 13, 93);
INSERT INTO FAVORITE (FAV_NUM, NAME, ACC_NUM, AREA_NUM)
VALUES (SEQ_FAV_NUM.NEXTVAL, '백양사(천안)', 13, 67);
INSERT INTO FAVORITE (FAV_NUM, NAME, ACC_NUM, AREA_NUM)
VALUES (SEQ_FAV_NUM.NEXTVAL, '서천(서울)', 13, 87);
INSERT INTO FAVORITE (FAV_NUM, NAME, ACC_NUM, AREA_NUM)
VALUES (SEQ_FAV_NUM.NEXTVAL, '용인(강릉)', 13, 128);
INSERT INTO FAVORITE (FAV_NUM, NAME, ACC_NUM, AREA_NUM)
VALUES (SEQ_FAV_NUM.NEXTVAL, '예산(당진)', 13, 114);
INSERT INTO FAVORITE (FAV_NUM, NAME, ACC_NUM, AREA_NUM)
VALUES (SEQ_FAV_NUM.NEXTVAL, '정읍녹두장군(천안)', 13, 146);
INSERT INTO FAVORITE (FAV_NUM, NAME, ACC_NUM, AREA_NUM)
VALUES (SEQ_FAV_NUM.NEXTVAL, '천등산(평택)', 13, 161);
INSERT INTO FAVORITE (FAV_NUM, NAME, ACC_NUM, AREA_NUM)
VALUES (SEQ_FAV_NUM.NEXTVAL, '밀양영남루(함양)', 13, 65);
INSERT INTO FAVORITE (FAV_NUM, NAME, ACC_NUM, AREA_NUM)
VALUES (SEQ_FAV_NUM.NEXTVAL, '부여백제(공주)', 13, 74);
INSERT INTO FAVORITE (FAV_NUM, NAME, ACC_NUM, AREA_NUM)
VALUES (SEQ_FAV_NUM.NEXTVAL, '안성맞춤(제천)', 13, 103);
INSERT INTO FAVORITE (FAV_NUM, NAME, ACC_NUM, AREA_NUM)
VALUES (SEQ_FAV_NUM.NEXTVAL, '매송(서울)', 13, 56);

/* 주유소 테이블 가데이터 생성 */
INSERT INTO PETROL (PET_NUM, GASOLINE, DIESEL, LPG, ELECT, HYDRO, AREA_NUM)
VALUES(SEQ_PET_NUM.NEXTVAL, '1,549원', '1,439원', '1,137원', 'O', 'X', 1);
INSERT INTO PETROL (PET_NUM, GASOLINE, DIESEL, LPG, ELECT, HYDRO, AREA_NUM)
VALUES(SEQ_PET_NUM.NEXTVAL, '1,549원', '1,439원', '1,137원', 'O', 'X', 2);
INSERT INTO PETROL (PET_NUM, GASOLINE, DIESEL, LPG, ELECT, HYDRO, AREA_NUM)
VALUES(SEQ_PET_NUM.NEXTVAL, '1,709원', '1,590원', 'X', 'O', 'X', 3);
INSERT INTO PETROL (PET_NUM, GASOLINE, DIESEL, LPG, ELECT, HYDRO, AREA_NUM)
VALUES(SEQ_PET_NUM.NEXTVAL, '1,709원', '1,590원', 'X', 'O', 'X', 4);
INSERT INTO PETROL (PET_NUM, GASOLINE, DIESEL, LPG, ELECT, HYDRO, AREA_NUM)
VALUES(SEQ_PET_NUM.NEXTVAL, '1,571원', '1,432원', 'X', 'O', 'X', 5);
INSERT INTO PETROL (PET_NUM, GASOLINE, DIESEL, LPG, ELECT, HYDRO, AREA_NUM)
VALUES(SEQ_PET_NUM.NEXTVAL, '1,571원', '1,432원', '1,189원', 'O', 'X', 6);
INSERT INTO PETROL (PET_NUM, GASOLINE, DIESEL, LPG, ELECT, HYDRO, AREA_NUM)
VALUES(SEQ_PET_NUM.NEXTVAL, '1,564원', '1,428원', 'X', 'O', 'X', 7);
INSERT INTO PETROL (PET_NUM, GASOLINE, DIESEL, LPG, ELECT, HYDRO, AREA_NUM)
VALUES(SEQ_PET_NUM.NEXTVAL, '1,569원', '1,429원', 'X', 'O', 'X', 8);
INSERT INTO PETROL (PET_NUM, GASOLINE, DIESEL, LPG, ELECT, HYDRO, AREA_NUM)
VALUES(SEQ_PET_NUM.NEXTVAL, '1,549원', '1,439원', '1,177원', 'O', 'X', 9);
INSERT INTO PETROL (PET_NUM, GASOLINE, DIESEL, LPG, ELECT, HYDRO, AREA_NUM)
VALUES(SEQ_PET_NUM.NEXTVAL, '1,563원', '1,423원', '1,151원', 'O', 'X', 10);
INSERT INTO PETROL (PET_NUM, GASOLINE, DIESEL, LPG, ELECT, HYDRO, AREA_NUM)
VALUES(SEQ_PET_NUM.NEXTVAL, '1,569원', '1,427원', '1,106원', 'O', 'X', 11);
INSERT INTO PETROL (PET_NUM, GASOLINE, DIESEL, LPG, ELECT, HYDRO, AREA_NUM)
VALUES(SEQ_PET_NUM.NEXTVAL, '1,569원', '1,427원', '1,153원', 'O', 'X', 12);
INSERT INTO PETROL (PET_NUM, GASOLINE, DIESEL, LPG, ELECT, HYDRO, AREA_NUM)
VALUES(SEQ_PET_NUM.NEXTVAL, '1,569원', '1,434원', '1,199원', 'O', 'X', 13);
INSERT INTO PETROL (PET_NUM, GASOLINE, DIESEL, LPG, ELECT, HYDRO, AREA_NUM)
VALUES(SEQ_PET_NUM.NEXTVAL, 'X', 'X', '1,199원', 'O', 'X', 14);
INSERT INTO PETROL (PET_NUM, GASOLINE, DIESEL, LPG, ELECT, HYDRO, AREA_NUM)
VALUES(SEQ_PET_NUM.NEXTVAL, '1,565원', '1,423원', '1,154원', 'O', 'X', 15);
INSERT INTO PETROL (PET_NUM, GASOLINE, DIESEL, LPG, ELECT, HYDRO, AREA_NUM)
VALUES(SEQ_PET_NUM.NEXTVAL, '1,561원', '1,421원', '1,140원', 'O', 'X', 16);
INSERT INTO PETROL (PET_NUM, GASOLINE, DIESEL, LPG, ELECT, HYDRO, AREA_NUM)
VALUES(SEQ_PET_NUM.NEXTVAL, '1,550원', '1,410원', '1,196원', 'O', 'X', 17);
INSERT INTO PETROL (PET_NUM, GASOLINE, DIESEL, LPG, ELECT, HYDRO, AREA_NUM)
VALUES(SEQ_PET_NUM.NEXTVAL, '1,550원', '1,410원', 'X', 'O', 'X', 18);
INSERT INTO PETROL (PET_NUM, GASOLINE, DIESEL, LPG, ELECT, HYDRO, AREA_NUM)
VALUES(SEQ_PET_NUM.NEXTVAL, '1,568원', '1,428원', '1,205원', 'O', 'X', 19);
INSERT INTO PETROL (PET_NUM, GASOLINE, DIESEL, LPG, ELECT, HYDRO, AREA_NUM)
VALUES(SEQ_PET_NUM.NEXTVAL, '1,567원', '1,427원', '1,192원', 'O', 'X', 20);
INSERT INTO PETROL (PET_NUM, GASOLINE, DIESEL, LPG, ELECT, HYDRO, AREA_NUM)
VALUES(SEQ_PET_NUM.NEXTVAL, '1,569원', '1,434원', 'X', 'O', 'X', 21);
INSERT INTO PETROL (PET_NUM, GASOLINE, DIESEL, LPG, ELECT, HYDRO, AREA_NUM)
VALUES(SEQ_PET_NUM.NEXTVAL, '1,562원', '1,424원', 'X', 'O', 'X', 22);
INSERT INTO PETROL (PET_NUM, GASOLINE, DIESEL, LPG, ELECT, HYDRO, AREA_NUM)
VALUES(SEQ_PET_NUM.NEXTVAL, '1,569원', '1,429원', 'X', 'O', 'X', 23);
INSERT INTO PETROL (PET_NUM, GASOLINE, DIESEL, LPG, ELECT, HYDRO, AREA_NUM)
VALUES(SEQ_PET_NUM.NEXTVAL, '1,559원', '1,419원', '1,189원', 'O', 'X', 24);
INSERT INTO PETROL (PET_NUM, GASOLINE, DIESEL, LPG, ELECT, HYDRO, AREA_NUM)
VALUES(SEQ_PET_NUM.NEXTVAL, '1,559원', '1,419원', '1,189원', 'O', 'X', 25);
INSERT INTO PETROL (PET_NUM, GASOLINE, DIESEL, LPG, ELECT, HYDRO, AREA_NUM)
VALUES(SEQ_PET_NUM.NEXTVAL, '1,568원', '1,433원', '1,088원', 'O', 'X', 26);
INSERT INTO PETROL (PET_NUM, GASOLINE, DIESEL, LPG, ELECT, HYDRO, AREA_NUM)
VALUES(SEQ_PET_NUM.NEXTVAL, '1,568원', '1,433원', '1,088원', 'O', 'X', 27);
INSERT INTO PETROL (PET_NUM, GASOLINE, DIESEL, LPG, ELECT, HYDRO, AREA_NUM)
VALUES(SEQ_PET_NUM.NEXTVAL, '1,579원', '1,405원', 'X', 'O', 'X', 28);
INSERT INTO PETROL (PET_NUM, GASOLINE, DIESEL, LPG, ELECT, HYDRO, AREA_NUM)
VALUES(SEQ_PET_NUM.NEXTVAL, '1,560원', '1,420원', '1,185원', 'O', 'X', 29);
INSERT INTO PETROL (PET_NUM, GASOLINE, DIESEL, LPG, ELECT, HYDRO, AREA_NUM)
VALUES(SEQ_PET_NUM.NEXTVAL, '1,564원', '1,424원', '1,149원', 'O', 'X', 30);
INSERT INTO PETROL (PET_NUM, GASOLINE, DIESEL, LPG, ELECT, HYDRO, AREA_NUM)
VALUES(SEQ_PET_NUM.NEXTVAL, '1,559원', '1,415원', '1,119원', 'O', 'X', 31);
INSERT INTO PETROL (PET_NUM, GASOLINE, DIESEL, LPG, ELECT, HYDRO, AREA_NUM)
VALUES(SEQ_PET_NUM.NEXTVAL, '1,559원', '1,415원', '1,119원', 'O', 'X', 32);
INSERT INTO PETROL (PET_NUM, GASOLINE, DIESEL, LPG, ELECT, HYDRO, AREA_NUM)
VALUES(SEQ_PET_NUM.NEXTVAL, '1,562원', '1,419원', '1,085원', 'O', 'O', 33);
INSERT INTO PETROL (PET_NUM, GASOLINE, DIESEL, LPG, ELECT, HYDRO, AREA_NUM)
VALUES(SEQ_PET_NUM.NEXTVAL, '1,559원', '1,415원', '1,165원', 'O', 'X', 34);
INSERT INTO PETROL (PET_NUM, GASOLINE, DIESEL, LPG, ELECT, HYDRO, AREA_NUM)
VALUES(SEQ_PET_NUM.NEXTVAL, '1,559원', '1,419원', '1,165원', 'O', 'O', 35);
INSERT INTO PETROL (PET_NUM, GASOLINE, DIESEL, LPG, ELECT, HYDRO, AREA_NUM)
VALUES(SEQ_PET_NUM.NEXTVAL, '1,570원', '1,430원', 'X', 'O', 'X', 36);
INSERT INTO PETROL (PET_NUM, GASOLINE, DIESEL, LPG, ELECT, HYDRO, AREA_NUM)
VALUES(SEQ_PET_NUM.NEXTVAL, '1,564원', '1,423원', '1,199원', 'O', 'X', 37);
INSERT INTO PETROL (PET_NUM, GASOLINE, DIESEL, LPG, ELECT, HYDRO, AREA_NUM)
VALUES(SEQ_PET_NUM.NEXTVAL, '1,564원', '1,423원', '1,199원', 'O', 'X', 38);
INSERT INTO PETROL (PET_NUM, GASOLINE, DIESEL, LPG, ELECT, HYDRO, AREA_NUM)
VALUES(SEQ_PET_NUM.NEXTVAL, '1,567원', '1,427원', 'X', 'X', 'X', 39);
INSERT INTO PETROL (PET_NUM, GASOLINE, DIESEL, LPG, ELECT, HYDRO, AREA_NUM)
VALUES(SEQ_PET_NUM.NEXTVAL, '1,566원', '1,429원', '1,179원', 'O', 'O', 40);
INSERT INTO PETROL (PET_NUM, GASOLINE, DIESEL, LPG, ELECT, HYDRO, AREA_NUM)
VALUES(SEQ_PET_NUM.NEXTVAL, '1,568원', '1,428원', '1,122원', 'O', 'X', 41);
INSERT INTO PETROL (PET_NUM, GASOLINE, DIESEL, LPG, ELECT, HYDRO, AREA_NUM)
VALUES(SEQ_PET_NUM.NEXTVAL, '1,568원', '1,428원', '1,122원', 'O', 'X', 42);
INSERT INTO PETROL (PET_NUM, GASOLINE, DIESEL, LPG, ELECT, HYDRO, AREA_NUM)
VALUES(SEQ_PET_NUM.NEXTVAL, '1,569원', '1,429원', '1,153원', 'O', 'X', 43);
INSERT INTO PETROL (PET_NUM, GASOLINE, DIESEL, LPG, ELECT, HYDRO, AREA_NUM)
VALUES(SEQ_PET_NUM.NEXTVAL, '1,571원', '1,434원', '1,086원', 'O', 'X', 44);
INSERT INTO PETROL (PET_NUM, GASOLINE, DIESEL, LPG, ELECT, HYDRO, AREA_NUM)
VALUES(SEQ_PET_NUM.NEXTVAL, '1,595원', '1,465원', 'X', 'O', 'X', 45);
INSERT INTO PETROL (PET_NUM, GASOLINE, DIESEL, LPG, ELECT, HYDRO, AREA_NUM)
VALUES(SEQ_PET_NUM.NEXTVAL, '1,599원', '1,469원', 'X', 'O', 'O', 46);
INSERT INTO PETROL (PET_NUM, GASOLINE, DIESEL, LPG, ELECT, HYDRO, AREA_NUM)
VALUES(SEQ_PET_NUM.NEXTVAL, '1,560원', '1,420원', '1,185원', 'O', 'O', 47);
INSERT INTO PETROL (PET_NUM, GASOLINE, DIESEL, LPG, ELECT, HYDRO, AREA_NUM)
VALUES(SEQ_PET_NUM.NEXTVAL, '1,564원', '1,424원', '1,149원', 'O', 'X', 48);
INSERT INTO PETROL (PET_NUM, GASOLINE, DIESEL, LPG, ELECT, HYDRO, AREA_NUM)
VALUES(SEQ_PET_NUM.NEXTVAL, '1,839원', '1,697원', '1,118원', 'O', 'X', 49);
INSERT INTO PETROL (PET_NUM, GASOLINE, DIESEL, LPG, ELECT, HYDRO, AREA_NUM)
VALUES(SEQ_PET_NUM.NEXTVAL, '1,569원', '1,429원', '1,068원', 'O', 'X', 50);
INSERT INTO PETROL (PET_NUM, GASOLINE, DIESEL, LPG, ELECT, HYDRO, AREA_NUM)
VALUES(SEQ_PET_NUM.NEXTVAL, '1,569원', '1,413원', '1,068원', 'O', 'X', 51);
INSERT INTO PETROL (PET_NUM, GASOLINE, DIESEL, LPG, ELECT, HYDRO, AREA_NUM)
VALUES(SEQ_PET_NUM.NEXTVAL, '1,565원', '1,429원', '1,195원', 'O', 'O', 52);
INSERT INTO PETROL (PET_NUM, GASOLINE, DIESEL, LPG, ELECT, HYDRO, AREA_NUM)
VALUES(SEQ_PET_NUM.NEXTVAL, '1,839원', '1,697원', '1,143원', 'O', 'X', 53);
INSERT INTO PETROL (PET_NUM, GASOLINE, DIESEL, LPG, ELECT, HYDRO, AREA_NUM)
VALUES(SEQ_PET_NUM.NEXTVAL, '1,563원', '1,417원', '1,066원', 'O', 'O', 54);
INSERT INTO PETROL (PET_NUM, GASOLINE, DIESEL, LPG, ELECT, HYDRO, AREA_NUM)
VALUES(SEQ_PET_NUM.NEXTVAL, 'X', 'X', 'X', 'O', 'X', 55);
INSERT INTO PETROL (PET_NUM, GASOLINE, DIESEL, LPG, ELECT, HYDRO, AREA_NUM)
VALUES(SEQ_PET_NUM.NEXTVAL, '1,599원', '1,469원', 'X', 'O', 'X', 56);
INSERT INTO PETROL (PET_NUM, GASOLINE, DIESEL, LPG, ELECT, HYDRO, AREA_NUM)
VALUES(SEQ_PET_NUM.NEXTVAL, '1,564원', '1,424원', '1,179원', 'O', 'X', 57);
INSERT INTO PETROL (PET_NUM, GASOLINE, DIESEL, LPG, ELECT, HYDRO, AREA_NUM)
VALUES(SEQ_PET_NUM.NEXTVAL, '1,562원', '1,422원', '1,123원', 'O', 'X', 58);
INSERT INTO PETROL (PET_NUM, GASOLINE, DIESEL, LPG, ELECT, HYDRO, AREA_NUM)
VALUES(SEQ_PET_NUM.NEXTVAL, '1,565원', '1,425원', '1,135원', 'O', 'O', 59);
INSERT INTO PETROL (PET_NUM, GASOLINE, DIESEL, LPG, ELECT, HYDRO, AREA_NUM)
VALUES(SEQ_PET_NUM.NEXTVAL, '1,558원', '1,417원', 'X', 'O', 'X', 60);
INSERT INTO PETROL (PET_NUM, GASOLINE, DIESEL, LPG, ELECT, HYDRO, AREA_NUM)
VALUES(SEQ_PET_NUM.NEXTVAL, '1,564원', '1,419원', '1,179원', 'O', 'X', 61);
INSERT INTO PETROL (PET_NUM, GASOLINE, DIESEL, LPG, ELECT, HYDRO, AREA_NUM)
VALUES(SEQ_PET_NUM.NEXTVAL, '1,564원', '1,414원', 'X', 'O', 'X', 62);
INSERT INTO PETROL (PET_NUM, GASOLINE, DIESEL, LPG, ELECT, HYDRO, AREA_NUM)
VALUES(SEQ_PET_NUM.NEXTVAL, '1,564원', '1,409원', 'X', 'O', 'X', 63);
INSERT INTO PETROL (PET_NUM, GASOLINE, DIESEL, LPG, ELECT, HYDRO, AREA_NUM)
VALUES(SEQ_PET_NUM.NEXTVAL, '1,569원', '1,434원', 'X', '', '', 64);
INSERT INTO PETROL (PET_NUM, GASOLINE, DIESEL, LPG, ELECT, HYDRO, AREA_NUM)
VALUES(SEQ_PET_NUM.NEXTVAL, '1,569원', '1,434원', 'X', '', '', 65);
INSERT INTO PETROL (PET_NUM, GASOLINE, DIESEL, LPG, ELECT, HYDRO, AREA_NUM)
VALUES(SEQ_PET_NUM.NEXTVAL, '1,570원', '1,415원', 'X', 'O', 'X', 66);
INSERT INTO PETROL (PET_NUM, GASOLINE, DIESEL, LPG, ELECT, HYDRO, AREA_NUM)
VALUES(SEQ_PET_NUM.NEXTVAL, '1,565원', '1,425원', '1,085원', 'O', 'O', 67);
INSERT INTO PETROL (PET_NUM, GASOLINE, DIESEL, LPG, ELECT, HYDRO, AREA_NUM)
VALUES(SEQ_PET_NUM.NEXTVAL, '1,557원', '1,417원', '1,145원', 'O', 'X', 68);
INSERT INTO PETROL (PET_NUM, GASOLINE, DIESEL, LPG, ELECT, HYDRO, AREA_NUM)
VALUES(SEQ_PET_NUM.NEXTVAL, '1,557원', '1,417원', '1,145원', 'O', 'X', 69);
INSERT INTO PETROL (PET_NUM, GASOLINE, DIESEL, LPG, ELECT, HYDRO, AREA_NUM)
VALUES(SEQ_PET_NUM.NEXTVAL, '1,562원', '1,434원', '1,195원', 'O', 'X', 70);
INSERT INTO PETROL (PET_NUM, GASOLINE, DIESEL, LPG, ELECT, HYDRO, AREA_NUM)
VALUES(SEQ_PET_NUM.NEXTVAL, '1,562원', '1,434원', '1,195원', 'O', 'X', 71);
INSERT INTO PETROL (PET_NUM, GASOLINE, DIESEL, LPG, ELECT, HYDRO, AREA_NUM)
VALUES(SEQ_PET_NUM.NEXTVAL, '1,569원', '1,434원', 'X', 'O', 'X', 72);
INSERT INTO PETROL (PET_NUM, GASOLINE, DIESEL, LPG, ELECT, HYDRO, AREA_NUM)
VALUES(SEQ_PET_NUM.NEXTVAL, '1,569원', '1,434원', 'X', 'O', 'X', 73);
INSERT INTO PETROL (PET_NUM, GASOLINE, DIESEL, LPG, ELECT, HYDRO, AREA_NUM)
VALUES(SEQ_PET_NUM.NEXTVAL, '1,571원', '1,436원', '1,189원', 'O', 'X', 74);
INSERT INTO PETROL (PET_NUM, GASOLINE, DIESEL, LPG, ELECT, HYDRO, AREA_NUM)
VALUES(SEQ_PET_NUM.NEXTVAL, '1,571원', '1,436원', '1,189원', 'O', 'X', 75);
INSERT INTO PETROL (PET_NUM, GASOLINE, DIESEL, LPG, ELECT, HYDRO, AREA_NUM)
VALUES(SEQ_PET_NUM.NEXTVAL, '1,555원', '1,424원', '1,089원', 'O', 'X', 76);
INSERT INTO PETROL (PET_NUM, GASOLINE, DIESEL, LPG, ELECT, HYDRO, AREA_NUM)
VALUES(SEQ_PET_NUM.NEXTVAL, '1,555원', '1,424원', '1,089원', 'O', 'X', 77);
INSERT INTO PETROL (PET_NUM, GASOLINE, DIESEL, LPG, ELECT, HYDRO, AREA_NUM)
VALUES(SEQ_PET_NUM.NEXTVAL, '1,569원', '1,429원', '1,099원', 'O', 'X', 78);
INSERT INTO PETROL (PET_NUM, GASOLINE, DIESEL, LPG, ELECT, HYDRO, AREA_NUM)
VALUES(SEQ_PET_NUM.NEXTVAL, '1,569원', '1,429원', '1,099원', 'O', 'X', 79);
INSERT INTO PETROL (PET_NUM, GASOLINE, DIESEL, LPG, ELECT, HYDRO, AREA_NUM)
VALUES(SEQ_PET_NUM.NEXTVAL, '1,659원', '1,549원', 'X', 'O', 'X', 80);
INSERT INTO PETROL (PET_NUM, GASOLINE, DIESEL, LPG, ELECT, HYDRO, AREA_NUM)
VALUES(SEQ_PET_NUM.NEXTVAL, '1,571원', '1,436원', '1,099원', 'O', 'X', 81);
INSERT INTO PETROL (PET_NUM, GASOLINE, DIESEL, LPG, ELECT, HYDRO, AREA_NUM)
VALUES(SEQ_PET_NUM.NEXTVAL, '1,571원', '1,436원', '1,099원', 'O', 'X', 82);
INSERT INTO PETROL (PET_NUM, GASOLINE, DIESEL, LPG, ELECT, HYDRO, AREA_NUM)
VALUES(SEQ_PET_NUM.NEXTVAL, 'X', 'X', 'X', 'O', 'X', 83);
INSERT INTO PETROL (PET_NUM, GASOLINE, DIESEL, LPG, ELECT, HYDRO, AREA_NUM)
VALUES(SEQ_PET_NUM.NEXTVAL, 'X', 'X', 'X', 'O', 'X', 84);
INSERT INTO PETROL (PET_NUM, GASOLINE, DIESEL, LPG, ELECT, HYDRO, AREA_NUM)
VALUES(SEQ_PET_NUM.NEXTVAL, '1,569원', '1,434원', '1,133원', 'O', 'X', 85);
INSERT INTO PETROL (PET_NUM, GASOLINE, DIESEL, LPG, ELECT, HYDRO, AREA_NUM)
VALUES(SEQ_PET_NUM.NEXTVAL, '1,569원', '1,434원', '1,153원', 'O', 'X', 86);
INSERT INTO PETROL (PET_NUM, GASOLINE, DIESEL, LPG, ELECT, HYDRO, AREA_NUM)
VALUES(SEQ_PET_NUM.NEXTVAL, '1,569원', '1,434원', '1,142원', 'O', 'X', 87);
INSERT INTO PETROL (PET_NUM, GASOLINE, DIESEL, LPG, ELECT, HYDRO, AREA_NUM)
VALUES(SEQ_PET_NUM.NEXTVAL, '1,569원', '1,429원', '1,099원', 'O', 'X', 88);
INSERT INTO PETROL (PET_NUM, GASOLINE, DIESEL, LPG, ELECT, HYDRO, AREA_NUM)
VALUES(SEQ_PET_NUM.NEXTVAL, '1,569원', '1,429원', '1,099원', 'O', 'X', 89);
INSERT INTO PETROL (PET_NUM, GASOLINE, DIESEL, LPG, ELECT, HYDRO, AREA_NUM)
VALUES(SEQ_PET_NUM.NEXTVAL, '1,555원', '1,424원', 'X', 'O', 'X', 90);
INSERT INTO PETROL (PET_NUM, GASOLINE, DIESEL, LPG, ELECT, HYDRO, AREA_NUM)
VALUES(SEQ_PET_NUM.NEXTVAL, '1,555원', '1,424원', 'X', 'O', 'X', 91);
INSERT INTO PETROL (PET_NUM, GASOLINE, DIESEL, LPG, ELECT, HYDRO, AREA_NUM)
VALUES(SEQ_PET_NUM.NEXTVAL, '1,561원', '1,418원', 'X', 'O', 'O', 92);
INSERT INTO PETROL (PET_NUM, GASOLINE, DIESEL, LPG, ELECT, HYDRO, AREA_NUM)
VALUES(SEQ_PET_NUM.NEXTVAL, '1,561원', '1,418원', 'X', 'O', 'X', 93);
INSERT INTO PETROL (PET_NUM, GASOLINE, DIESEL, LPG, ELECT, HYDRO, AREA_NUM)
VALUES(SEQ_PET_NUM.NEXTVAL, '1,559원', '1,415원', '1,199원', 'O', 'O', 94);
INSERT INTO PETROL (PET_NUM, GASOLINE, DIESEL, LPG, ELECT, HYDRO, AREA_NUM)
VALUES(SEQ_PET_NUM.NEXTVAL, 'X', 'X', 'X', 'O', 'X', 95);
INSERT INTO PETROL (PET_NUM, GASOLINE, DIESEL, LPG, ELECT, HYDRO, AREA_NUM)
VALUES(SEQ_PET_NUM.NEXTVAL, '1,649원', '1,499원', '1,143원', 'O', 'X', 96);
INSERT INTO PETROL (PET_NUM, GASOLINE, DIESEL, LPG, ELECT, HYDRO, AREA_NUM)
VALUES(SEQ_PET_NUM.NEXTVAL, '1,570원', '1,429원', '1,153원', 'O', 'O', 97);
INSERT INTO PETROL (PET_NUM, GASOLINE, DIESEL, LPG, ELECT, HYDRO, AREA_NUM)
VALUES(SEQ_PET_NUM.NEXTVAL, 'X', 'X', '1,086원', 'O', 'X', 98);
INSERT INTO PETROL (PET_NUM, GASOLINE, DIESEL, LPG, ELECT, HYDRO, AREA_NUM)
VALUES(SEQ_PET_NUM.NEXTVAL, '1,571원', '1,434원', '1,086원', 'O', 'O', 99);
INSERT INTO PETROL (PET_NUM, GASOLINE, DIESEL, LPG, ELECT, HYDRO, AREA_NUM)
VALUES(SEQ_PET_NUM.NEXTVAL, '1,574원', '1,434원', '1,158원', 'O', 'X', 100);
INSERT INTO PETROL (PET_NUM, GASOLINE, DIESEL, LPG, ELECT, HYDRO, AREA_NUM)
VALUES(SEQ_PET_NUM.NEXTVAL, '1,563원', '1,410원', '1,122원', 'O', 'O', 101);
INSERT INTO PETROL (PET_NUM, GASOLINE, DIESEL, LPG, ELECT, HYDRO, AREA_NUM)
VALUES(SEQ_PET_NUM.NEXTVAL, '1,568원', '1,429원', '1,153원', 'O', 'O', 102);
INSERT INTO PETROL (PET_NUM, GASOLINE, DIESEL, LPG, ELECT, HYDRO, AREA_NUM)
VALUES(SEQ_PET_NUM.NEXTVAL, '1,570원', '1,430원', '1,160원', 'O', 'O', 103);
INSERT INTO PETROL (PET_NUM, GASOLINE, DIESEL, LPG, ELECT, HYDRO, AREA_NUM)
VALUES(SEQ_PET_NUM.NEXTVAL, '1,562원', '1,422원', '1,185원', 'O', 'X', 104);
INSERT INTO PETROL (PET_NUM, GASOLINE, DIESEL, LPG, ELECT, HYDRO, AREA_NUM)
VALUES(SEQ_PET_NUM.NEXTVAL, '1,574원', '1,429원', '1,194원', 'O', 'X', 105);
INSERT INTO PETROL (PET_NUM, GASOLINE, DIESEL, LPG, ELECT, HYDRO, AREA_NUM)
VALUES(SEQ_PET_NUM.NEXTVAL, '1,568원', '1,418원', '1,153원', 'O', 'O', 106);
INSERT INTO PETROL (PET_NUM, GASOLINE, DIESEL, LPG, ELECT, HYDRO, AREA_NUM)
VALUES(SEQ_PET_NUM.NEXTVAL, '1,555원', '1,424원', '1,099원', 'O', 'X', 107);
INSERT INTO PETROL (PET_NUM, GASOLINE, DIESEL, LPG, ELECT, HYDRO, AREA_NUM)
VALUES(SEQ_PET_NUM.NEXTVAL, '1,555원', '1,424원', '1,099원', 'X', 'X', 108);
INSERT INTO PETROL (PET_NUM, GASOLINE, DIESEL, LPG, ELECT, HYDRO, AREA_NUM)
VALUES(SEQ_PET_NUM.NEXTVAL, '1,565원', '1,425원', '1,135원', 'O', 'O', 109);
INSERT INTO PETROL (PET_NUM, GASOLINE, DIESEL, LPG, ELECT, HYDRO, AREA_NUM)
VALUES(SEQ_PET_NUM.NEXTVAL, '1,563원', '1,423원', '1,125원', 'O', 'X', 110);
INSERT INTO PETROL (PET_NUM, GASOLINE, DIESEL, LPG, ELECT, HYDRO, AREA_NUM)
VALUES(SEQ_PET_NUM.NEXTVAL, '1,564원', '1,424원', '1,181원', 'O', 'X', 111);
INSERT INTO PETROL (PET_NUM, GASOLINE, DIESEL, LPG, ELECT, HYDRO, AREA_NUM)
VALUES(SEQ_PET_NUM.NEXTVAL, 'X', 'X', '1,159원', 'O', 'X', 112);
INSERT INTO PETROL (PET_NUM, GASOLINE, DIESEL, LPG, ELECT, HYDRO, AREA_NUM)
VALUES(SEQ_PET_NUM.NEXTVAL, '1,563원', '1,423원', 'X', 'O', 'X', 113);
INSERT INTO PETROL (PET_NUM, GASOLINE, DIESEL, LPG, ELECT, HYDRO, AREA_NUM)
VALUES(SEQ_PET_NUM.NEXTVAL, '1,565원', '1,430원', '1,199원', 'O', 'X', 114);
INSERT INTO PETROL (PET_NUM, GASOLINE, DIESEL, LPG, ELECT, HYDRO, AREA_NUM)
VALUES(SEQ_PET_NUM.NEXTVAL, '1,565원', '1,430원', '1,199원', 'O', 'X', 115);
INSERT INTO PETROL (PET_NUM, GASOLINE, DIESEL, LPG, ELECT, HYDRO, AREA_NUM)
VALUES(SEQ_PET_NUM.NEXTVAL, '1,561원', '1,418원', 'X', 'O', 'X', 116);
INSERT INTO PETROL (PET_NUM, GASOLINE, DIESEL, LPG, ELECT, HYDRO, AREA_NUM)
VALUES(SEQ_PET_NUM.NEXTVAL, '1,559원', '1,414원', '1,199원', 'O', 'O', 117);
INSERT INTO PETROL (PET_NUM, GASOLINE, DIESEL, LPG, ELECT, HYDRO, AREA_NUM)
VALUES(SEQ_PET_NUM.NEXTVAL, '1,559원', '1,415원', 'X', 'O', 'X', 118);
INSERT INTO PETROL (PET_NUM, GASOLINE, DIESEL, LPG, ELECT, HYDRO, AREA_NUM)
VALUES(SEQ_PET_NUM.NEXTVAL, '1,565원', '1,424원', 'X', 'O', 'X', 119);
INSERT INTO PETROL (PET_NUM, GASOLINE, DIESEL, LPG, ELECT, HYDRO, AREA_NUM)
VALUES(SEQ_PET_NUM.NEXTVAL, '1,569원', '1,434원', '1,142원', 'O', 'X', 120);
INSERT INTO PETROL (PET_NUM, GASOLINE, DIESEL, LPG, ELECT, HYDRO, AREA_NUM)
VALUES(SEQ_PET_NUM.NEXTVAL, '1,559원', '1,412원', '1,158원', 'O', 'X', 121);
INSERT INTO PETROL (PET_NUM, GASOLINE, DIESEL, LPG, ELECT, HYDRO, AREA_NUM)
VALUES(SEQ_PET_NUM.NEXTVAL, '1,549원', '1,439원', '1,177원', 'O', 'X', 122);
INSERT INTO PETROL (PET_NUM, GASOLINE, DIESEL, LPG, ELECT, HYDRO, AREA_NUM)
VALUES(SEQ_PET_NUM.NEXTVAL, '1,564원', '1,424원', '1,143원', 'O', 'X', 123);
INSERT INTO PETROL (PET_NUM, GASOLINE, DIESEL, LPG, ELECT, HYDRO, AREA_NUM)
VALUES(SEQ_PET_NUM.NEXTVAL, 'X', 'X', 'X', 'O', 'X', 124);
INSERT INTO PETROL (PET_NUM, GASOLINE, DIESEL, LPG, ELECT, HYDRO, AREA_NUM)
VALUES(SEQ_PET_NUM.NEXTVAL, '1,564원', '1,419원', '1,159원', 'O', 'X', 125);
INSERT INTO PETROL (PET_NUM, GASOLINE, DIESEL, LPG, ELECT, HYDRO, AREA_NUM)
VALUES(SEQ_PET_NUM.NEXTVAL, '1,569원', '1,429원', 'X', 'O', 'X', 126);
INSERT INTO PETROL (PET_NUM, GASOLINE, DIESEL, LPG, ELECT, HYDRO, AREA_NUM)
VALUES(SEQ_PET_NUM.NEXTVAL, '1,569원', '1,429원', 'X', 'O', 'X', 127);
INSERT INTO PETROL (PET_NUM, GASOLINE, DIESEL, LPG, ELECT, HYDRO, AREA_NUM)
VALUES(SEQ_PET_NUM.NEXTVAL, '1,569원', '1,434원', '1,142원', 'O', 'X', 128);
INSERT INTO PETROL (PET_NUM, GASOLINE, DIESEL, LPG, ELECT, HYDRO, AREA_NUM)
VALUES(SEQ_PET_NUM.NEXTVAL, '1,569원', '1,434원', '1,142원', 'O', 'X', 129);
INSERT INTO PETROL (PET_NUM, GASOLINE, DIESEL, LPG, ELECT, HYDRO, AREA_NUM)
VALUES(SEQ_PET_NUM.NEXTVAL, '1,549원', '1,439원', 'X', 'O', 'X', 130);
INSERT INTO PETROL (PET_NUM, GASOLINE, DIESEL, LPG, ELECT, HYDRO, AREA_NUM)
VALUES(SEQ_PET_NUM.NEXTVAL, '1,549원', '1,439원', 'X', 'O', 'X', 131);
INSERT INTO PETROL (PET_NUM, GASOLINE, DIESEL, LPG, ELECT, HYDRO, AREA_NUM)
VALUES(SEQ_PET_NUM.NEXTVAL, '1,569원', '1,430원', '1,199원', 'O', 'X', 132);
INSERT INTO PETROL (PET_NUM, GASOLINE, DIESEL, LPG, ELECT, HYDRO, AREA_NUM)
VALUES(SEQ_PET_NUM.NEXTVAL, '1,565원', '1,429원', 'X', 'O', 'X', 133);
INSERT INTO PETROL (PET_NUM, GASOLINE, DIESEL, LPG, ELECT, HYDRO, AREA_NUM)
VALUES(SEQ_PET_NUM.NEXTVAL, '1,557원', '1,417원', '1,129원', 'O', 'O', 134);
INSERT INTO PETROL (PET_NUM, GASOLINE, DIESEL, LPG, ELECT, HYDRO, AREA_NUM)
VALUES(SEQ_PET_NUM.NEXTVAL, '1,569원', '1,434원', '1,153원', 'O', 'O', 135);
INSERT INTO PETROL (PET_NUM, GASOLINE, DIESEL, LPG, ELECT, HYDRO, AREA_NUM)
VALUES(SEQ_PET_NUM.NEXTVAL, '1,571원', '1,434원', '1,159원', 'O', 'X', 136);
INSERT INTO PETROL (PET_NUM, GASOLINE, DIESEL, LPG, ELECT, HYDRO, AREA_NUM)
VALUES(SEQ_PET_NUM.NEXTVAL, '1,571원', '1,434원', 'X', 'O', 'X', 137);
INSERT INTO PETROL (PET_NUM, GASOLINE, DIESEL, LPG, ELECT, HYDRO, AREA_NUM)
VALUES(SEQ_PET_NUM.NEXTVAL, '1,550원', '1,410원', 'X', 'O', 'X', 138);
INSERT INTO PETROL (PET_NUM, GASOLINE, DIESEL, LPG, ELECT, HYDRO, AREA_NUM)
VALUES(SEQ_PET_NUM.NEXTVAL, '1,563원', '1,423원', '1,099원', 'O', 'X', 139);
INSERT INTO PETROL (PET_NUM, GASOLINE, DIESEL, LPG, ELECT, HYDRO, AREA_NUM)
VALUES(SEQ_PET_NUM.NEXTVAL, '1,569원', '1,434원', '1,142원', 'O', 'X', 140);
INSERT INTO PETROL (PET_NUM, GASOLINE, DIESEL, LPG, ELECT, HYDRO, AREA_NUM)
VALUES(SEQ_PET_NUM.NEXTVAL, '1,566원', '1,434원', '1,153원', 'O', 'X', 141);
INSERT INTO PETROL (PET_NUM, GASOLINE, DIESEL, LPG, ELECT, HYDRO, AREA_NUM)
VALUES(SEQ_PET_NUM.NEXTVAL, '1,558원', '1,406원', '1,219원', 'O', 'O', 142);
INSERT INTO PETROL (PET_NUM, GASOLINE, DIESEL, LPG, ELECT, HYDRO, AREA_NUM)
VALUES(SEQ_PET_NUM.NEXTVAL, '1,567원', '1,427원', '1,139원', 'O', 'X', 143);
INSERT INTO PETROL (PET_NUM, GASOLINE, DIESEL, LPG, ELECT, HYDRO, AREA_NUM)
VALUES(SEQ_PET_NUM.NEXTVAL, '1,565원', '1,429원', 'X', 'O', 'O', 144);
INSERT INTO PETROL (PET_NUM, GASOLINE, DIESEL, LPG, ELECT, HYDRO, AREA_NUM)
VALUES(SEQ_PET_NUM.NEXTVAL, '1,550원', '1,410원', '1,069원', 'O', 'X', 145);
INSERT INTO PETROL (PET_NUM, GASOLINE, DIESEL, LPG, ELECT, HYDRO, AREA_NUM)
VALUES(SEQ_PET_NUM.NEXTVAL, '1,563원', '1,423원', '1,085원', 'O', 'X', 146);
INSERT INTO PETROL (PET_NUM, GASOLINE, DIESEL, LPG, ELECT, HYDRO, AREA_NUM)
VALUES(SEQ_PET_NUM.NEXTVAL, '1,570원', '1,430원', '1,140원', 'O', 'X', 147);
INSERT INTO PETROL (PET_NUM, GASOLINE, DIESEL, LPG, ELECT, HYDRO, AREA_NUM)
VALUES(SEQ_PET_NUM.NEXTVAL, '1,565원', '1,425원', '1,140원', 'O', 'X', 148);
INSERT INTO PETROL (PET_NUM, GASOLINE, DIESEL, LPG, ELECT, HYDRO, AREA_NUM)
VALUES(SEQ_PET_NUM.NEXTVAL, '1,559원', '1,424원', '1,099원', 'O', 'X', 149);
INSERT INTO PETROL (PET_NUM, GASOLINE, DIESEL, LPG, ELECT, HYDRO, AREA_NUM)
VALUES(SEQ_PET_NUM.NEXTVAL, '1,559원', '1,424원', 'X', 'O', 'X', 150);
INSERT INTO PETROL (PET_NUM, GASOLINE, DIESEL, LPG, ELECT, HYDRO, AREA_NUM)
VALUES(SEQ_PET_NUM.NEXTVAL, '1,569원', '1,434원', 'X', 'O', 'X', 151);
INSERT INTO PETROL (PET_NUM, GASOLINE, DIESEL, LPG, ELECT, HYDRO, AREA_NUM)
VALUES(SEQ_PET_NUM.NEXTVAL, '1,567원', '1,429원', '1,199원', 'O', 'X', 152);
INSERT INTO PETROL (PET_NUM, GASOLINE, DIESEL, LPG, ELECT, HYDRO, AREA_NUM)
VALUES(SEQ_PET_NUM.NEXTVAL, '1,567원', '1,429원', '1,165원', 'O', 'X', 153);
INSERT INTO PETROL (PET_NUM, GASOLINE, DIESEL, LPG, ELECT, HYDRO, AREA_NUM)
VALUES(SEQ_PET_NUM.NEXTVAL, '1,569원', '1,434원', '1,080원', 'O', 'X', 154);
INSERT INTO PETROL (PET_NUM, GASOLINE, DIESEL, LPG, ELECT, HYDRO, AREA_NUM)
VALUES(SEQ_PET_NUM.NEXTVAL, '1,569원', '1,434원', '1,080원', 'O', 'X', 155);
INSERT INTO PETROL (PET_NUM, GASOLINE, DIESEL, LPG, ELECT, HYDRO, AREA_NUM)
VALUES(SEQ_PET_NUM.NEXTVAL, '1,563원', '1,418원', '998원', 'O', 'X', 156);
INSERT INTO PETROL (PET_NUM, GASOLINE, DIESEL, LPG, ELECT, HYDRO, AREA_NUM)
VALUES(SEQ_PET_NUM.NEXTVAL, '1,569원', '1,429원', '1,138원', 'O', 'X', 157);
INSERT INTO PETROL (PET_NUM, GASOLINE, DIESEL, LPG, ELECT, HYDRO, AREA_NUM)
VALUES(SEQ_PET_NUM.NEXTVAL, '1,560원', '1,420원', '1,190원', 'O', 'X', 158);
INSERT INTO PETROL (PET_NUM, GASOLINE, DIESEL, LPG, ELECT, HYDRO, AREA_NUM)
VALUES(SEQ_PET_NUM.NEXTVAL, 'X', 'X', 'X', 'O', 'X', 159);
INSERT INTO PETROL (PET_NUM, GASOLINE, DIESEL, LPG, ELECT, HYDRO, AREA_NUM)
VALUES(SEQ_PET_NUM.NEXTVAL, '1,568원', '1,425원', '1,139원', 'O', 'X', 160);
INSERT INTO PETROL (PET_NUM, GASOLINE, DIESEL, LPG, ELECT, HYDRO, AREA_NUM)
VALUES(SEQ_PET_NUM.NEXTVAL, '1,568원', '1,425원', 'X', 'O', 'X', 161);
INSERT INTO PETROL (PET_NUM, GASOLINE, DIESEL, LPG, ELECT, HYDRO, AREA_NUM)
VALUES(SEQ_PET_NUM.NEXTVAL, '1,562원', '1,417원', '1,071원', 'O', 'X', 162);
INSERT INTO PETROL (PET_NUM, GASOLINE, DIESEL, LPG, ELECT, HYDRO, AREA_NUM)
VALUES(SEQ_PET_NUM.NEXTVAL, '1,559원', '1,419원', '1,189원', 'O', 'X', 163);
INSERT INTO PETROL (PET_NUM, GASOLINE, DIESEL, LPG, ELECT, HYDRO, AREA_NUM)
VALUES(SEQ_PET_NUM.NEXTVAL, '1,559원', '1,419원', 'X', 'O', 'X', 164);
INSERT INTO PETROL (PET_NUM, GASOLINE, DIESEL, LPG, ELECT, HYDRO, AREA_NUM)
VALUES(SEQ_PET_NUM.NEXTVAL, '1,559원', '1,419원', 'X', 'O', 'X', 165);
INSERT INTO PETROL (PET_NUM, GASOLINE, DIESEL, LPG, ELECT, HYDRO, AREA_NUM)
VALUES(SEQ_PET_NUM.NEXTVAL, '1,559원', '1,412원', '1,169원', 'O', 'O', 166);
INSERT INTO PETROL (PET_NUM, GASOLINE, DIESEL, LPG, ELECT, HYDRO, AREA_NUM)
VALUES(SEQ_PET_NUM.NEXTVAL, '1,564원', '1,419원', '1,159원', 'O', 'X', 167);
INSERT INTO PETROL (PET_NUM, GASOLINE, DIESEL, LPG, ELECT, HYDRO, AREA_NUM)
VALUES(SEQ_PET_NUM.NEXTVAL, 'X', 'X', '1,147원', 'O', 'X', 168);
INSERT INTO PETROL (PET_NUM, GASOLINE, DIESEL, LPG, ELECT, HYDRO, AREA_NUM)
VALUES(SEQ_PET_NUM.NEXTVAL, '1,564원', '1,424원', '1,143원', 'O', 'X', 169);
INSERT INTO PETROL (PET_NUM, GASOLINE, DIESEL, LPG, ELECT, HYDRO, AREA_NUM)
VALUES(SEQ_PET_NUM.NEXTVAL, '1,709원', '1,590원', '1,183원', 'O', 'O', 170);
INSERT INTO PETROL (PET_NUM, GASOLINE, DIESEL, LPG, ELECT, HYDRO, AREA_NUM)
VALUES(SEQ_PET_NUM.NEXTVAL, '1,559원', '1,414원', 'X', 'O', 'X', 171);
INSERT INTO PETROL (PET_NUM, GASOLINE, DIESEL, LPG, ELECT, HYDRO, AREA_NUM)
VALUES(SEQ_PET_NUM.NEXTVAL, '1,559원', '1,409원', 'X', 'O', 'X', 172);
INSERT INTO PETROL (PET_NUM, GASOLINE, DIESEL, LPG, ELECT, HYDRO, AREA_NUM)
VALUES(SEQ_PET_NUM.NEXTVAL, '1,564원', '1,421원', '1,183원', 'O', 'X', 173);
INSERT INTO PETROL (PET_NUM, GASOLINE, DIESEL, LPG, ELECT, HYDRO, AREA_NUM)
VALUES(SEQ_PET_NUM.NEXTVAL, '1,567원', '1,427원', 'X', 'O', 'X', 174);
INSERT INTO PETROL (PET_NUM, GASOLINE, DIESEL, LPG, ELECT, HYDRO, AREA_NUM)
VALUES(SEQ_PET_NUM.NEXTVAL, '1,562원', '1,424원', '1,154원', 'O', 'X', 175);
INSERT INTO PETROL (PET_NUM, GASOLINE, DIESEL, LPG, ELECT, HYDRO, AREA_NUM)
VALUES(SEQ_PET_NUM.NEXTVAL, '1,562원', '1,424원', '1,154원', 'O', 'X', 176);
INSERT INTO PETROL (PET_NUM, GASOLINE, DIESEL, LPG, ELECT, HYDRO, AREA_NUM)
VALUES(SEQ_PET_NUM.NEXTVAL, '1,569원', '1,429원', '1,100원', 'O', 'O', 177);
INSERT INTO PETROL (PET_NUM, GASOLINE, DIESEL, LPG, ELECT, HYDRO, AREA_NUM)
VALUES(SEQ_PET_NUM.NEXTVAL, '1,568원', '1,428원', '1,122원', 'O', 'X', 178);
INSERT INTO PETROL (PET_NUM, GASOLINE, DIESEL, LPG, ELECT, HYDRO, AREA_NUM)
VALUES(SEQ_PET_NUM.NEXTVAL, '1,563원', '1,417원', '1,165원', 'O', 'X', 179);
INSERT INTO PETROL (PET_NUM, GASOLINE, DIESEL, LPG, ELECT, HYDRO, AREA_NUM)
VALUES(SEQ_PET_NUM.NEXTVAL, '1,564원', '1,424원', '1,220원', 'O', 'X', 180);
INSERT INTO PETROL (PET_NUM, GASOLINE, DIESEL, LPG, ELECT, HYDRO, AREA_NUM)
VALUES(SEQ_PET_NUM.NEXTVAL, '1,568원', '1,428원', '1,122원', 'O', 'X', 181);
INSERT INTO PETROL (PET_NUM, GASOLINE, DIESEL, LPG, ELECT, HYDRO, AREA_NUM)
VALUES(SEQ_PET_NUM.NEXTVAL, '1,569원', '1,429원', '1,135원', 'O', 'X', 182);
INSERT INTO PETROL (PET_NUM, GASOLINE, DIESEL, LPG, ELECT, HYDRO, AREA_NUM)
VALUES(SEQ_PET_NUM.NEXTVAL, '1,564원', '1,429원', '1,135원', 'O', 'X', 183);
INSERT INTO PETROL (PET_NUM, GASOLINE, DIESEL, LPG, ELECT, HYDRO, AREA_NUM)
VALUES(SEQ_PET_NUM.NEXTVAL, '1,596원', '1,437원', '1,142원', 'O', 'O', 184);
INSERT INTO PETROL (PET_NUM, GASOLINE, DIESEL, LPG, ELECT, HYDRO, AREA_NUM)
VALUES(SEQ_PET_NUM.NEXTVAL, '1,625원', '1,480원', '1,142원', 'O', 'O', 185);
INSERT INTO PETROL (PET_NUM, GASOLINE, DIESEL, LPG, ELECT, HYDRO, AREA_NUM)
VALUES(SEQ_PET_NUM.NEXTVAL, '1,564원', '1,424원', '1,190원', 'O', 'O', 186);
INSERT INTO PETROL (PET_NUM, GASOLINE, DIESEL, LPG, ELECT, HYDRO, AREA_NUM)
VALUES(SEQ_PET_NUM.NEXTVAL, '1,564원', '1,424원', '1,199원', 'O', 'X', 187);
INSERT INTO PETROL (PET_NUM, GASOLINE, DIESEL, LPG, ELECT, HYDRO, AREA_NUM)
VALUES(SEQ_PET_NUM.NEXTVAL, '1,566원', '1,428원', '1,089원', 'O', 'X', 188);
INSERT INTO PETROL (PET_NUM, GASOLINE, DIESEL, LPG, ELECT, HYDRO, AREA_NUM)
VALUES(SEQ_PET_NUM.NEXTVAL, '1,566원', '1,428원', '1,089원', 'O', 'X', 189);
INSERT INTO PETROL (PET_NUM, GASOLINE, DIESEL, LPG, ELECT, HYDRO, AREA_NUM)
VALUES(SEQ_PET_NUM.NEXTVAL, '1,563원', '1,434원', '1,195원', 'O', 'X', 190);
INSERT INTO PETROL (PET_NUM, GASOLINE, DIESEL, LPG, ELECT, HYDRO, AREA_NUM)
VALUES(SEQ_PET_NUM.NEXTVAL, '1,563원', '1,434원', '1,195원', 'O', 'X', 191);
INSERT INTO PETROL (PET_NUM, GASOLINE, DIESEL, LPG, ELECT, HYDRO, AREA_NUM)
VALUES(SEQ_PET_NUM.NEXTVAL, '1,559원', '1,419원', 'X', 'O', 'O', 192);
INSERT INTO PETROL (PET_NUM, GASOLINE, DIESEL, LPG, ELECT, HYDRO, AREA_NUM)
VALUES(SEQ_PET_NUM.NEXTVAL, '1,569원', '1,432원', '1,199원', 'O', 'X', 193);
INSERT INTO PETROL (PET_NUM, GASOLINE, DIESEL, LPG, ELECT, HYDRO, AREA_NUM)
VALUES(SEQ_PET_NUM.NEXTVAL, '1,645원', '1,489원', '1,128원', 'O', 'X', 194);
INSERT INTO PETROL (PET_NUM, GASOLINE, DIESEL, LPG, ELECT, HYDRO, AREA_NUM)
VALUES(SEQ_PET_NUM.NEXTVAL, '1,567원', '1,424원', '1,192원', 'O', 'X', 195);
INSERT INTO PETROL (PET_NUM, GASOLINE, DIESEL, LPG, ELECT, HYDRO, AREA_NUM)
VALUES(SEQ_PET_NUM.NEXTVAL, '1,567원', '1,427원', '1,139원', 'O', 'X', 196);
INSERT INTO PETROL (PET_NUM, GASOLINE, DIESEL, LPG, ELECT, HYDRO, AREA_NUM)
VALUES(SEQ_PET_NUM.NEXTVAL, '1,559원', '1,417원', '1,099원', 'O', 'X', 197);
INSERT INTO PETROL (PET_NUM, GASOLINE, DIESEL, LPG, ELECT, HYDRO, AREA_NUM)
VALUES(SEQ_PET_NUM.NEXTVAL, '1,559원', '1,417원', '1,099원', 'O', 'X', 198);
INSERT INTO PETROL (PET_NUM, GASOLINE, DIESEL, LPG, ELECT, HYDRO, AREA_NUM)
VALUES(SEQ_PET_NUM.NEXTVAL, '1,566원', '1,429원', '1,179원', 'O', 'X', 199);
INSERT INTO PETROL (PET_NUM, GASOLINE, DIESEL, LPG, ELECT, HYDRO, AREA_NUM)
VALUES(SEQ_PET_NUM.NEXTVAL, '1,566원', '1,429원', '1,179원', 'O', 'X', 200);
INSERT INTO PETROL (PET_NUM, GASOLINE, DIESEL, LPG, ELECT, HYDRO, AREA_NUM)
VALUES(SEQ_PET_NUM.NEXTVAL, '1,565원', '1,430원', '1,199원', 'O', 'X', 201);
INSERT INTO PETROL (PET_NUM, GASOLINE, DIESEL, LPG, ELECT, HYDRO, AREA_NUM)
VALUES(SEQ_PET_NUM.NEXTVAL, '1,564원', '1,415원', '1,239원', 'O', 'X', 202);
INSERT INTO PETROL (PET_NUM, GASOLINE, DIESEL, LPG, ELECT, HYDRO, AREA_NUM)
VALUES(SEQ_PET_NUM.NEXTVAL, '1,569원', '1,434원', '1,153원', 'O', 'O', 203);
INSERT INTO PETROL (PET_NUM, GASOLINE, DIESEL, LPG, ELECT, HYDRO, AREA_NUM)
VALUES(SEQ_PET_NUM.NEXTVAL, '1,569원', '1,434원', '1,153원', 'O', 'X', 204);
INSERT INTO PETROL (PET_NUM, GASOLINE, DIESEL, LPG, ELECT, HYDRO, AREA_NUM)
VALUES(SEQ_PET_NUM.NEXTVAL, '1,564원', '1,424원', '1,165원', 'O', 'X', 205);
INSERT INTO PETROL (PET_NUM, GASOLINE, DIESEL, LPG, ELECT, HYDRO, AREA_NUM)
VALUES(SEQ_PET_NUM.NEXTVAL, '1,564원', '1,424원', 'X', 'O', 'X', 206);
INSERT INTO PETROL (PET_NUM, GASOLINE, DIESEL, LPG, ELECT, HYDRO, AREA_NUM)
VALUES(SEQ_PET_NUM.NEXTVAL, '1,565원', '1,419원', '1,195원', 'O', 'X', 207);
INSERT INTO PETROL (PET_NUM, GASOLINE, DIESEL, LPG, ELECT, HYDRO, AREA_NUM)
VALUES(SEQ_PET_NUM.NEXTVAL, '1,554원', '1,405원', '1,227원', 'O', 'X', 208);
INSERT INTO PETROL (PET_NUM, GASOLINE, DIESEL, LPG, ELECT, HYDRO, AREA_NUM)
VALUES(SEQ_PET_NUM.NEXTVAL, '1,563원', '1,423원', '1,120원', 'O', 'X', 209);
INSERT INTO PETROL (PET_NUM, GASOLINE, DIESEL, LPG, ELECT, HYDRO, AREA_NUM)
VALUES(SEQ_PET_NUM.NEXTVAL, '1,565원', '1,425원', '1,135원', 'O', 'X', 210);


/* 리뷰 테이블 가데이터 생성 */
/* 1 계정당 5개씩 데이터 */
-- ACC_NUM = 4
INSERT INTO REVIEW (REV_NUM, CONTENT, NAME, AREA_NUM, ACC_NUM)
VALUES (SEQ_REV_NUM.NEXTVAL, '시설이 청결하고 편안했어요.',
(SELECT NAME FROM ACCOUNT WHERE ACC_NUM=4), 33, 4);
INSERT INTO REVIEW (REV_NUM, CONTENT, NAME, AREA_NUM, ACC_NUM)
VALUES (SEQ_REV_NUM.NEXTVAL, '음식이 정말 기대 이상이었어요.',
(SELECT NAME FROM ACCOUNT WHERE ACC_NUM=4), 204, 4);
INSERT INTO REVIEW (REV_NUM, CONTENT, NAME, AREA_NUM, ACC_NUM)
VALUES (SEQ_REV_NUM.NEXTVAL, '날씨 좋은 날 들르기 딱입니다.',
(SELECT NAME FROM ACCOUNT WHERE ACC_NUM=4), 14, 4);
INSERT INTO REVIEW (REV_NUM, CONTENT, NAME, AREA_NUM, ACC_NUM)
VALUES (SEQ_REV_NUM.NEXTVAL, '화장실이 넓고 냄새도 없어요.',
(SELECT NAME FROM ACCOUNT WHERE ACC_NUM=4), 160, 4);
INSERT INTO REVIEW (REV_NUM, CONTENT, NAME, AREA_NUM, ACC_NUM)
VALUES (SEQ_REV_NUM.NEXTVAL, '가족 단위 방문에 적합해요.',
(SELECT NAME FROM ACCOUNT WHERE ACC_NUM=4), 97, 4);
-- ACC_NUM = 5
INSERT INTO REVIEW (REV_NUM, CONTENT, NAME, AREA_NUM, ACC_NUM)
VALUES (SEQ_REV_NUM.NEXTVAL, '작지만 알찬 구성의 휴게소였습니다.',
(SELECT NAME FROM ACCOUNT WHERE ACC_NUM=5), 48, 5);
INSERT INTO REVIEW (REV_NUM, CONTENT, NAME, AREA_NUM, ACC_NUM)
VALUES (SEQ_REV_NUM.NEXTVAL, '조용해서 잠깐 눈 붙이기 좋았어요.',
(SELECT NAME FROM ACCOUNT WHERE ACC_NUM=5), 57, 5);
INSERT INTO REVIEW (REV_NUM, CONTENT, NAME, AREA_NUM, ACC_NUM)
VALUES (SEQ_REV_NUM.NEXTVAL, '화장실에 손 세정제 비치되어 있어서 만족.',
(SELECT NAME FROM ACCOUNT WHERE ACC_NUM=5), 80, 5);
INSERT INTO REVIEW (REV_NUM, CONTENT, NAME, AREA_NUM, ACC_NUM)
VALUES (SEQ_REV_NUM.NEXTVAL, '매점 물가가 생각보다 괜찮아요.',
(SELECT NAME FROM ACCOUNT WHERE ACC_NUM=5), 136, 5);
INSERT INTO REVIEW (REV_NUM, CONTENT, NAME, AREA_NUM, ACC_NUM)
VALUES (SEQ_REV_NUM.NEXTVAL, '잘 쉬고 기분 좋게 출발할 수 있었어요.',
(SELECT NAME FROM ACCOUNT WHERE ACC_NUM=5), 144, 5);
-- ACC_NUM = 6
INSERT INTO REVIEW (REV_NUM, CONTENT, NAME, AREA_NUM, ACC_NUM)
VALUES (SEQ_REV_NUM.NEXTVAL, '음식이 정말 기대 이상이었어요.',
(SELECT NAME FROM ACCOUNT WHERE ACC_NUM=6), 21, 6);
INSERT INTO REVIEW (REV_NUM, CONTENT, NAME, AREA_NUM, ACC_NUM)
VALUES (SEQ_REV_NUM.NEXTVAL, '시설이 청결하고 편안했어요.',
(SELECT NAME FROM ACCOUNT WHERE ACC_NUM=6), 28, 6);
INSERT INTO REVIEW (REV_NUM, CONTENT, NAME, AREA_NUM, ACC_NUM)
VALUES (SEQ_REV_NUM.NEXTVAL, '날씨 좋은 날 들르기 딱입니다.',
(SELECT NAME FROM ACCOUNT WHERE ACC_NUM=6), 146, 6);
INSERT INTO REVIEW (REV_NUM, CONTENT, NAME, AREA_NUM, ACC_NUM)
VALUES (SEQ_REV_NUM.NEXTVAL, '가족 단위 방문에 적합해요.',
(SELECT NAME FROM ACCOUNT WHERE ACC_NUM=6), 37, 6);
INSERT INTO REVIEW (REV_NUM, CONTENT, NAME, AREA_NUM, ACC_NUM)
VALUES (SEQ_REV_NUM.NEXTVAL, '잘 쉬고 기분 좋게 출발할 수 있었어요.',
(SELECT NAME FROM ACCOUNT WHERE ACC_NUM=6), 141, 6);
-- ACC_NUM = 7
INSERT INTO REVIEW (REV_NUM, CONTENT, NAME, AREA_NUM, ACC_NUM)
VALUES (SEQ_REV_NUM.NEXTVAL, '조용해서 잠깐 눈 붙이기 좋았어요.',
(SELECT NAME FROM ACCOUNT WHERE ACC_NUM=7), 198, 7);
INSERT INTO REVIEW (REV_NUM, CONTENT, NAME, AREA_NUM, ACC_NUM)
VALUES (SEQ_REV_NUM.NEXTVAL, '작지만 알찬 구성의 휴게소였습니다.',
(SELECT NAME FROM ACCOUNT WHERE ACC_NUM=7), 126, 7);
INSERT INTO REVIEW (REV_NUM, CONTENT, NAME, AREA_NUM, ACC_NUM)
VALUES (SEQ_REV_NUM.NEXTVAL, '화장실에 손 세정제 비치되어 있어서 만족.',
(SELECT NAME FROM ACCOUNT WHERE ACC_NUM=7), 83, 7);
INSERT INTO REVIEW (REV_NUM, CONTENT, NAME, AREA_NUM, ACC_NUM)
VALUES (SEQ_REV_NUM.NEXTVAL, '매점 물가가 생각보다 괜찮아요.',
(SELECT NAME FROM ACCOUNT WHERE ACC_NUM=7), 151, 7);
INSERT INTO REVIEW (REV_NUM, CONTENT, NAME, AREA_NUM, ACC_NUM)
VALUES (SEQ_REV_NUM.NEXTVAL, '음식이 정말 기대 이상이었어요.',
(SELECT NAME FROM ACCOUNT WHERE ACC_NUM=7), 197, 7);
-- ACC_NUM = 8
INSERT INTO REVIEW (REV_NUM, CONTENT, NAME, AREA_NUM, ACC_NUM)
VALUES (SEQ_REV_NUM.NEXTVAL, '시설이 청결하고 편안했어요.',
(SELECT NAME FROM ACCOUNT WHERE ACC_NUM=8), 18, 8);
INSERT INTO REVIEW (REV_NUM, CONTENT, NAME, AREA_NUM, ACC_NUM)
VALUES (SEQ_REV_NUM.NEXTVAL, '화장실이 넓고 냄새도 없어요.',
(SELECT NAME FROM ACCOUNT WHERE ACC_NUM=8), 147, 8);
INSERT INTO REVIEW (REV_NUM, CONTENT, NAME, AREA_NUM, ACC_NUM)
VALUES (SEQ_REV_NUM.NEXTVAL, '날씨 좋은 날 들르기 딱입니다.',
(SELECT NAME FROM ACCOUNT WHERE ACC_NUM=8), 48, 8);
INSERT INTO REVIEW (REV_NUM, CONTENT, NAME, AREA_NUM, ACC_NUM)
VALUES (SEQ_REV_NUM.NEXTVAL, '가족 단위 방문에 적합해요.',
(SELECT NAME FROM ACCOUNT WHERE ACC_NUM=8), 132, 8);
INSERT INTO REVIEW (REV_NUM, CONTENT, NAME, AREA_NUM, ACC_NUM)
VALUES (SEQ_REV_NUM.NEXTVAL, '작지만 알찬 구성의 휴게소였습니다.',
(SELECT NAME FROM ACCOUNT WHERE ACC_NUM=8), 145, 8);
-- ACC_NUM = 9
INSERT INTO REVIEW (REV_NUM, CONTENT, NAME, AREA_NUM, ACC_NUM)
VALUES (SEQ_REV_NUM.NEXTVAL, '조용해서 잠깐 눈 붙이기 좋았어요.',
(SELECT NAME FROM ACCOUNT WHERE ACC_NUM=9), 170, 9);
INSERT INTO REVIEW (REV_NUM, CONTENT, NAME, AREA_NUM, ACC_NUM)
VALUES (SEQ_REV_NUM.NEXTVAL, '화장실에 손 세정제 비치되어 있어서 만족.',
(SELECT NAME FROM ACCOUNT WHERE ACC_NUM=9), 73, 9);
INSERT INTO REVIEW (REV_NUM, CONTENT, NAME, AREA_NUM, ACC_NUM)
VALUES (SEQ_REV_NUM.NEXTVAL, '날씨 좋은 날 들르기 딱입니다.',
(SELECT NAME FROM ACCOUNT WHERE ACC_NUM=9), 186, 9);
INSERT INTO REVIEW (REV_NUM, CONTENT, NAME, AREA_NUM, ACC_NUM)
VALUES (SEQ_REV_NUM.NEXTVAL, '매점 물가가 생각보다 괜찮아요.',
(SELECT NAME FROM ACCOUNT WHERE ACC_NUM=9), 13, 9);
INSERT INTO REVIEW (REV_NUM, CONTENT, NAME, AREA_NUM, ACC_NUM)
VALUES (SEQ_REV_NUM.NEXTVAL, '잘 쉬고 기분 좋게 출발할 수 있었어요.',
(SELECT NAME FROM ACCOUNT WHERE ACC_NUM=9), 50, 9);
-- ACC_NUM = 10
INSERT INTO REVIEW (REV_NUM, CONTENT, NAME, AREA_NUM, ACC_NUM)
VALUES (SEQ_REV_NUM.NEXTVAL, '현지 음식이 정말 맛있고 푸짐했어요.',
(SELECT NAME FROM ACCOUNT WHERE ACC_NUM=10), 122, 10);
INSERT INTO REVIEW (REV_NUM, CONTENT, NAME, AREA_NUM, ACC_NUM)
VALUES (SEQ_REV_NUM.NEXTVAL, '쉬기 딱 좋은 분위기의 휴게소였습니다.',
(SELECT NAME FROM ACCOUNT WHERE ACC_NUM=10), 25, 10);
INSERT INTO REVIEW (REV_NUM, CONTENT, NAME, AREA_NUM, ACC_NUM)
VALUES (SEQ_REV_NUM.NEXTVAL, '기념품이 다양해서 구경하는 재미가 있었어요.',
(SELECT NAME FROM ACCOUNT WHERE ACC_NUM=10), 152, 10);
INSERT INTO REVIEW (REV_NUM, CONTENT, NAME, AREA_NUM, ACC_NUM)
VALUES (SEQ_REV_NUM.NEXTVAL, '도로 진입이 편하고 깔끔해서 좋았어요.',
(SELECT NAME FROM ACCOUNT WHERE ACC_NUM=10), 15, 10);
INSERT INTO REVIEW (REV_NUM, CONTENT, NAME, AREA_NUM, ACC_NUM)
VALUES (SEQ_REV_NUM.NEXTVAL, '가족 단위로 오기 좋은 장소입니다.',
(SELECT NAME FROM ACCOUNT WHERE ACC_NUM=10), 47, 10);
-- ACC_NUM = 11
INSERT INTO REVIEW (REV_NUM, CONTENT, NAME, AREA_NUM, ACC_NUM)
VALUES (SEQ_REV_NUM.NEXTVAL, '공기가 맑고 산책로가 인상적이었습니다.',
(SELECT NAME FROM ACCOUNT WHERE ACC_NUM=11), 173, 11);
INSERT INTO REVIEW (REV_NUM, CONTENT, NAME, AREA_NUM, ACC_NUM)
VALUES (SEQ_REV_NUM.NEXTVAL, '편의시설이 잘 갖춰져 있었어요.',
(SELECT NAME FROM ACCOUNT WHERE ACC_NUM=11), 155, 11);
INSERT INTO REVIEW (REV_NUM, CONTENT, NAME, AREA_NUM, ACC_NUM)
VALUES (SEQ_REV_NUM.NEXTVAL, '야경이 멋진 휴게소였습니다.',
(SELECT NAME FROM ACCOUNT WHERE ACC_NUM=11), 204, 11);
INSERT INTO REVIEW (REV_NUM, CONTENT, NAME, AREA_NUM, ACC_NUM)
VALUES (SEQ_REV_NUM.NEXTVAL, '화장실이 많고 쾌적했어요.',
(SELECT NAME FROM ACCOUNT WHERE ACC_NUM=11), 145, 11);
INSERT INTO REVIEW (REV_NUM, CONTENT, NAME, AREA_NUM, ACC_NUM)
VALUES (SEQ_REV_NUM.NEXTVAL, '반려동물 동반이 가능한 점이 좋았어요.',
(SELECT NAME FROM ACCOUNT WHERE ACC_NUM=11), 64, 11);
-- ACC_NUM = 12
INSERT INTO REVIEW (REV_NUM, CONTENT, NAME, AREA_NUM, ACC_NUM)
VALUES (SEQ_REV_NUM.NEXTVAL, '정체 중 들렸는데 정말 힐링됐어요.',
(SELECT NAME FROM ACCOUNT WHERE ACC_NUM=12), 80, 12);
INSERT INTO REVIEW (REV_NUM, CONTENT, NAME, AREA_NUM, ACC_NUM)
VALUES (SEQ_REV_NUM.NEXTVAL, '아이들이 놀기 좋은 공간이 있었어요.',
(SELECT NAME FROM ACCOUNT WHERE ACC_NUM=12), 43, 12);
INSERT INTO REVIEW (REV_NUM, CONTENT, NAME, AREA_NUM, ACC_NUM)
VALUES (SEQ_REV_NUM.NEXTVAL, '전체적으로 쾌적하고 조용했어요.',
(SELECT NAME FROM ACCOUNT WHERE ACC_NUM=12), 22, 12);
INSERT INTO REVIEW (REV_NUM, CONTENT, NAME, AREA_NUM, ACC_NUM)
VALUES (SEQ_REV_NUM.NEXTVAL, '간식 코너가 다양해서 좋았어요.',
(SELECT NAME FROM ACCOUNT WHERE ACC_NUM=12), 136, 12);
INSERT INTO REVIEW (REV_NUM, CONTENT, NAME, AREA_NUM, ACC_NUM)
VALUES (SEQ_REV_NUM.NEXTVAL, '드라이브 중 꼭 들러야 할 곳 같아요.',
(SELECT NAME FROM ACCOUNT WHERE ACC_NUM=12), 109, 12);
-- ACC_NUM = 13
INSERT INTO REVIEW (REV_NUM, CONTENT, NAME, AREA_NUM, ACC_NUM)
VALUES (SEQ_REV_NUM.NEXTVAL, '뷰가 너무 좋아서 사진도 많이 찍었어요.',
(SELECT NAME FROM ACCOUNT WHERE ACC_NUM=13), 113, 13);
INSERT INTO REVIEW (REV_NUM, CONTENT, NAME, AREA_NUM, ACC_NUM)
VALUES (SEQ_REV_NUM.NEXTVAL, '깨끗하고 정돈된 인상이었어요.',
(SELECT NAME FROM ACCOUNT WHERE ACC_NUM=13), 93, 13);
INSERT INTO REVIEW (REV_NUM, CONTENT, NAME, AREA_NUM, ACC_NUM)
VALUES (SEQ_REV_NUM.NEXTVAL, '주차 구역이 넓어서 이용하기 편했어요.',
(SELECT NAME FROM ACCOUNT WHERE ACC_NUM=13), 67, 13);
INSERT INTO REVIEW (REV_NUM, CONTENT, NAME, AREA_NUM, ACC_NUM)
VALUES (SEQ_REV_NUM.NEXTVAL, '피곤할 때 쉬기에 최적의 장소입니다.',
(SELECT NAME FROM ACCOUNT WHERE ACC_NUM=13), 56, 13);
INSERT INTO REVIEW (REV_NUM, CONTENT, NAME, AREA_NUM, ACC_NUM)
VALUES (SEQ_REV_NUM.NEXTVAL, '자연경관이 멋진 곳이에요!',
(SELECT NAME FROM ACCOUNT WHERE ACC_NUM=13), 114, 13);

/* 편의시설 테이블 가데이터 생성 */
INSERT INTO FACILITY (AREA_NUM, FEED, SLEEP, SHOWER, LAUNDRY, CLINIC, PHARMACY, SHELTER, SALON, REPAIR, WASH, TRUCK)
VALUES(1, 'O', 'X', 'X', 'X', 'X', 'X', 'O', 'X', 'X','X', 'X');
INSERT INTO FACILITY (AREA_NUM, FEED, SLEEP, SHOWER, LAUNDRY, CLINIC, PHARMACY, SHELTER, SALON, REPAIR, WASH, TRUCK)
VALUES(2, 'O', 'X', 'X', 'X', 'X', 'X', 'O', 'X', 'X','X', 'X');
INSERT INTO FACILITY (AREA_NUM, FEED, SLEEP, SHOWER, LAUNDRY, CLINIC, PHARMACY, SHELTER, SALON, REPAIR, WASH, TRUCK)
VALUES(3, 'O', 'X', 'X', 'X', 'X', 'X', 'O', 'X', 'X','X', 'X');
INSERT INTO FACILITY (AREA_NUM, FEED, SLEEP, SHOWER, LAUNDRY, CLINIC, PHARMACY, SHELTER, SALON, REPAIR, WASH, TRUCK)
VALUES(4, 'O', 'X', 'X', 'X', 'X', 'X', 'O', 'X', 'X','X', 'X');
INSERT INTO FACILITY (AREA_NUM, FEED, SLEEP, SHOWER, LAUNDRY, CLINIC, PHARMACY, SHELTER, SALON, REPAIR, WASH, TRUCK)
VALUES(5, 'O', 'X', 'X', 'X', 'X', 'X', 'X', 'X', 'X','X', 'X');
INSERT INTO FACILITY (AREA_NUM, FEED, SLEEP, SHOWER, LAUNDRY, CLINIC, PHARMACY, SHELTER, SALON, REPAIR, WASH, TRUCK)
VALUES(6, 'O', 'X', 'X', 'X', 'X', 'X', 'X', 'X', 'X','X', 'X');
INSERT INTO FACILITY (AREA_NUM, FEED, SLEEP, SHOWER, LAUNDRY, CLINIC, PHARMACY, SHELTER, SALON, REPAIR, WASH, TRUCK)
VALUES(7, 'O', 'X', 'X', 'X', 'X', 'X', 'X', 'X', 'X','X', 'X');
INSERT INTO FACILITY (AREA_NUM, FEED, SLEEP, SHOWER, LAUNDRY, CLINIC, PHARMACY, SHELTER, SALON, REPAIR, WASH, TRUCK)
VALUES(8, 'O', 'X', 'X', 'X', 'X', 'X', 'X', 'X', 'X','X', 'X');
INSERT INTO FACILITY (AREA_NUM, FEED, SLEEP, SHOWER, LAUNDRY, CLINIC, PHARMACY, SHELTER, SALON, REPAIR, WASH, TRUCK)
VALUES(9, 'O', 'O', 'O', 'O', 'X', 'X', 'O', 'X', 'X','X', 'O');
INSERT INTO FACILITY (AREA_NUM, FEED, SLEEP, SHOWER, LAUNDRY, CLINIC, PHARMACY, SHELTER, SALON, REPAIR, WASH, TRUCK)
VALUES(10, 'O', 'O', 'O', 'O', 'X', 'X', 'O', 'X', 'X','X', 'O');
INSERT INTO FACILITY (AREA_NUM, FEED, SLEEP, SHOWER, LAUNDRY, CLINIC, PHARMACY, SHELTER, SALON, REPAIR, WASH, TRUCK)
VALUES(11, 'O', 'X', 'X', 'X', 'X', 'X', 'O', 'X', 'X','X', 'X');
INSERT INTO FACILITY (AREA_NUM, FEED, SLEEP, SHOWER, LAUNDRY, CLINIC, PHARMACY, SHELTER, SALON, REPAIR, WASH, TRUCK)
VALUES(12, 'O', 'O', 'O', 'O', 'X', 'X', 'O', 'X', 'X','X', 'O');
INSERT INTO FACILITY (AREA_NUM, FEED, SLEEP, SHOWER, LAUNDRY, CLINIC, PHARMACY, SHELTER, SALON, REPAIR, WASH, TRUCK)
VALUES(13, 'O', 'X', 'X', 'X', 'X', 'X', 'X', 'X', 'X','X', 'X');
INSERT INTO FACILITY (AREA_NUM, FEED, SLEEP, SHOWER, LAUNDRY, CLINIC, PHARMACY, SHELTER, SALON, REPAIR, WASH, TRUCK)
VALUES(14, 'O', 'X', 'X', 'X', 'X', 'X', 'X', 'X', 'X','X', 'X');
INSERT INTO FACILITY (AREA_NUM, FEED, SLEEP, SHOWER, LAUNDRY, CLINIC, PHARMACY, SHELTER, SALON, REPAIR, WASH, TRUCK)
VALUES(15, 'O', 'X', 'X', 'X', 'X', 'X', 'O', 'X', 'X','X', 'X');
INSERT INTO FACILITY (AREA_NUM, FEED, SLEEP, SHOWER, LAUNDRY, CLINIC, PHARMACY, SHELTER, SALON, REPAIR, WASH, TRUCK)
VALUES(16, 'O', 'O', 'O', 'X', 'X', 'X', 'O', 'X', 'X','X', 'X');
INSERT INTO FACILITY (AREA_NUM, FEED, SLEEP, SHOWER, LAUNDRY, CLINIC, PHARMACY, SHELTER, SALON, REPAIR, WASH, TRUCK)
VALUES(17, 'O', 'X', 'X', 'X', 'X', 'X', 'X', 'X', 'X','X', 'X');
INSERT INTO FACILITY (AREA_NUM, FEED, SLEEP, SHOWER, LAUNDRY, CLINIC, PHARMACY, SHELTER, SALON, REPAIR, WASH, TRUCK)
VALUES(18, 'O', 'X', 'X', 'X', 'X', 'X', 'X', 'X', 'X','X', 'X');
INSERT INTO FACILITY (AREA_NUM, FEED, SLEEP, SHOWER, LAUNDRY, CLINIC, PHARMACY, SHELTER, SALON, REPAIR, WASH, TRUCK)
VALUES(19, 'O', 'X', 'X', 'X', 'X', 'X', 'X', 'X', 'X','X', 'X');
INSERT INTO FACILITY (AREA_NUM, FEED, SLEEP, SHOWER, LAUNDRY, CLINIC, PHARMACY, SHELTER, SALON, REPAIR, WASH, TRUCK)
VALUES(20, 'O', 'X', 'X', 'X', 'X', 'X', 'O', 'X', 'X','X', 'X');
INSERT INTO FACILITY (AREA_NUM, FEED, SLEEP, SHOWER, LAUNDRY, CLINIC, PHARMACY, SHELTER, SALON, REPAIR, WASH, TRUCK)
VALUES(21, 'O', 'X', 'X', 'X', 'X', 'X', 'X', 'X', 'X','X', 'X');
INSERT INTO FACILITY (AREA_NUM, FEED, SLEEP, SHOWER, LAUNDRY, CLINIC, PHARMACY, SHELTER, SALON, REPAIR, WASH, TRUCK)
VALUES(22, 'O', 'X', 'X', 'X', 'X', 'X', 'X', 'X', 'X','X', 'X');
INSERT INTO FACILITY (AREA_NUM, FEED, SLEEP, SHOWER, LAUNDRY, CLINIC, PHARMACY, SHELTER, SALON, REPAIR, WASH, TRUCK)
VALUES(23, 'O', 'X', 'X', 'X', 'X', 'X', 'X', 'X', 'X','X', 'X');
INSERT INTO FACILITY (AREA_NUM, FEED, SLEEP, SHOWER, LAUNDRY, CLINIC, PHARMACY, SHELTER, SALON, REPAIR, WASH, TRUCK)
VALUES(24, 'O', 'X', 'O', 'X', 'X', 'X', 'X', 'X', 'X','X', 'X');
INSERT INTO FACILITY (AREA_NUM, FEED, SLEEP, SHOWER, LAUNDRY, CLINIC, PHARMACY, SHELTER, SALON, REPAIR, WASH, TRUCK)
VALUES(25, 'O', 'O', 'O', 'O', 'X', 'O', 'O', 'X', 'X','X', 'O');
INSERT INTO FACILITY (AREA_NUM, FEED, SLEEP, SHOWER, LAUNDRY, CLINIC, PHARMACY, SHELTER, SALON, REPAIR, WASH, TRUCK)
VALUES(26, 'O', 'X', 'X', 'X', 'X', 'X', 'X', 'X', 'X','X', 'O');
INSERT INTO FACILITY (AREA_NUM, FEED, SLEEP, SHOWER, LAUNDRY, CLINIC, PHARMACY, SHELTER, SALON, REPAIR, WASH, TRUCK)
VALUES(27, 'O', 'X', 'X', 'X', 'X', 'X', 'X', 'X', 'X','X', 'X');
INSERT INTO FACILITY (AREA_NUM, FEED, SLEEP, SHOWER, LAUNDRY, CLINIC, PHARMACY, SHELTER, SALON, REPAIR, WASH, TRUCK)
VALUES(28, 'O', 'X', 'X', 'X', 'X', 'X', 'X', 'X', 'O','X', 'X');
INSERT INTO FACILITY (AREA_NUM, FEED, SLEEP, SHOWER, LAUNDRY, CLINIC, PHARMACY, SHELTER, SALON, REPAIR, WASH, TRUCK)
VALUES(29, 'O', 'X', 'X', 'X', 'X', 'X', 'X', 'X', 'X','X', 'X');
INSERT INTO FACILITY (AREA_NUM, FEED, SLEEP, SHOWER, LAUNDRY, CLINIC, PHARMACY, SHELTER, SALON, REPAIR, WASH, TRUCK)
VALUES(30, 'O', 'X', 'X', 'X', 'X', 'X', 'X', 'X', 'X','X', 'X');
INSERT INTO FACILITY (AREA_NUM, FEED, SLEEP, SHOWER, LAUNDRY, CLINIC, PHARMACY, SHELTER, SALON, REPAIR, WASH, TRUCK)
VALUES(31, 'O', 'X', 'X', 'X', 'X', 'X', 'O', 'X', 'X','X', 'X');
INSERT INTO FACILITY (AREA_NUM, FEED, SLEEP, SHOWER, LAUNDRY, CLINIC, PHARMACY, SHELTER, SALON, REPAIR, WASH, TRUCK)
VALUES(32, 'O', 'X', 'X', 'X', 'X', 'X', 'O', 'X', 'X','X', 'X');
INSERT INTO FACILITY (AREA_NUM, FEED, SLEEP, SHOWER, LAUNDRY, CLINIC, PHARMACY, SHELTER, SALON, REPAIR, WASH, TRUCK)
VALUES(33, 'O', 'X', 'X', 'X', 'X', 'X', 'X', 'X', 'X','O', 'X');
INSERT INTO FACILITY (AREA_NUM, FEED, SLEEP, SHOWER, LAUNDRY, CLINIC, PHARMACY, SHELTER, SALON, REPAIR, WASH, TRUCK)
VALUES(34, 'O', 'O', 'O', 'O', 'X', 'X', 'O', 'X', 'X','X', 'O');
INSERT INTO FACILITY (AREA_NUM, FEED, SLEEP, SHOWER, LAUNDRY, CLINIC, PHARMACY, SHELTER, SALON, REPAIR, WASH, TRUCK)
VALUES(35, 'O', 'O', 'O', 'O', 'X', 'X', 'O', 'X', 'X','X', 'O');
INSERT INTO FACILITY (AREA_NUM, FEED, SLEEP, SHOWER, LAUNDRY, CLINIC, PHARMACY, SHELTER, SALON, REPAIR, WASH, TRUCK)
VALUES(36, 'O', 'X', 'X', 'X', 'X', 'X', 'O', 'X', 'X','X', 'X');
INSERT INTO FACILITY (AREA_NUM, FEED, SLEEP, SHOWER, LAUNDRY, CLINIC, PHARMACY, SHELTER, SALON, REPAIR, WASH, TRUCK)
VALUES(37, 'O', 'O', 'O', 'O', 'X', 'X', 'O', 'X', 'X','X', 'O');
INSERT INTO FACILITY (AREA_NUM, FEED, SLEEP, SHOWER, LAUNDRY, CLINIC, PHARMACY, SHELTER, SALON, REPAIR, WASH, TRUCK)
VALUES(38, 'O', 'O', 'O', 'O', 'X', 'X', 'O', 'X', 'X','X', 'O');
INSERT INTO FACILITY (AREA_NUM, FEED, SLEEP, SHOWER, LAUNDRY, CLINIC, PHARMACY, SHELTER, SALON, REPAIR, WASH, TRUCK)
VALUES(39, 'O', 'O', 'O', 'O', 'X', 'X', 'O', 'X', 'X','X', 'O');
INSERT INTO FACILITY (AREA_NUM, FEED, SLEEP, SHOWER, LAUNDRY, CLINIC, PHARMACY, SHELTER, SALON, REPAIR, WASH, TRUCK)
VALUES(40, 'O', 'X', 'X', 'X', 'X', 'X', 'X', 'X', 'X','X', 'X');
INSERT INTO FACILITY (AREA_NUM, FEED, SLEEP, SHOWER, LAUNDRY, CLINIC, PHARMACY, SHELTER, SALON, REPAIR, WASH, TRUCK)
VALUES(41, 'O', 'X', 'X', 'X', 'X', 'X', 'X', 'X', 'X','X', 'X');
INSERT INTO FACILITY (AREA_NUM, FEED, SLEEP, SHOWER, LAUNDRY, CLINIC, PHARMACY, SHELTER, SALON, REPAIR, WASH, TRUCK)
VALUES(42, 'O', 'X', 'X', 'X', 'X', 'X', 'X', 'X', 'X','X', 'X');
INSERT INTO FACILITY (AREA_NUM, FEED, SLEEP, SHOWER, LAUNDRY, CLINIC, PHARMACY, SHELTER, SALON, REPAIR, WASH, TRUCK)
VALUES(43, 'O', 'X', 'X', 'X', 'X', 'X', 'O', 'X', 'X','X', 'X');
INSERT INTO FACILITY (AREA_NUM, FEED, SLEEP, SHOWER, LAUNDRY, CLINIC, PHARMACY, SHELTER, SALON, REPAIR, WASH, TRUCK)
VALUES(44, 'O', 'X', 'X', 'X', 'X', 'X', 'O', 'X', 'X','X', 'X');
INSERT INTO FACILITY (AREA_NUM, FEED, SLEEP, SHOWER, LAUNDRY, CLINIC, PHARMACY, SHELTER, SALON, REPAIR, WASH, TRUCK)
VALUES(45, 'O', 'X', 'X', 'X', 'X', 'X', 'O', 'X', 'O','X', 'X');
INSERT INTO FACILITY (AREA_NUM, FEED, SLEEP, SHOWER, LAUNDRY, CLINIC, PHARMACY, SHELTER, SALON, REPAIR, WASH, TRUCK)
VALUES(46, 'O', 'X', 'X', 'X', 'X', 'X', 'O', 'X', 'O','X', 'X');
INSERT INTO FACILITY (AREA_NUM, FEED, SLEEP, SHOWER, LAUNDRY, CLINIC, PHARMACY, SHELTER, SALON, REPAIR, WASH, TRUCK)
VALUES(47, 'O', 'X', 'X', 'X', 'X', 'X', 'X', 'X', 'X','X', 'X');
INSERT INTO FACILITY (AREA_NUM, FEED, SLEEP, SHOWER, LAUNDRY, CLINIC, PHARMACY, SHELTER, SALON, REPAIR, WASH, TRUCK)
VALUES(48, 'O', 'X', 'X', 'X', 'X', 'X', 'X', 'X', 'X','X', 'X');
INSERT INTO FACILITY (AREA_NUM, FEED, SLEEP, SHOWER, LAUNDRY, CLINIC, PHARMACY, SHELTER, SALON, REPAIR, WASH, TRUCK)
VALUES(49, 'O', 'X', 'X', 'X', 'X', 'X', 'O', 'X', 'X','X', 'X');
INSERT INTO FACILITY (AREA_NUM, FEED, SLEEP, SHOWER, LAUNDRY, CLINIC, PHARMACY, SHELTER, SALON, REPAIR, WASH, TRUCK)
VALUES(50, 'O', 'X', 'X', 'X', 'X', 'X', 'X', 'X', 'X','X', 'X');
INSERT INTO FACILITY (AREA_NUM, FEED, SLEEP, SHOWER, LAUNDRY, CLINIC, PHARMACY, SHELTER, SALON, REPAIR, WASH, TRUCK)
VALUES(51, 'O', 'X', 'X', 'X', 'X', 'X', 'X', 'X', 'X','X', 'X');
INSERT INTO FACILITY (AREA_NUM, FEED, SLEEP, SHOWER, LAUNDRY, CLINIC, PHARMACY, SHELTER, SALON, REPAIR, WASH, TRUCK)
VALUES(52, 'O', 'X', 'X', 'X', 'X', 'X', 'O', 'X', 'X','X', 'X');
INSERT INTO FACILITY (AREA_NUM, FEED, SLEEP, SHOWER, LAUNDRY, CLINIC, PHARMACY, SHELTER, SALON, REPAIR, WASH, TRUCK)
VALUES(53, 'O', 'X', 'X', 'X', 'X', 'X', 'X', 'X', 'X','X', 'X');
INSERT INTO FACILITY (AREA_NUM, FEED, SLEEP, SHOWER, LAUNDRY, CLINIC, PHARMACY, SHELTER, SALON, REPAIR, WASH, TRUCK)
VALUES(54, 'O', 'X', 'X', 'X', 'X', 'X', 'O', 'X', 'O','X', 'X');
INSERT INTO FACILITY (AREA_NUM, FEED, SLEEP, SHOWER, LAUNDRY, CLINIC, PHARMACY, SHELTER, SALON, REPAIR, WASH, TRUCK)
VALUES(55, 'O', 'O', 'O', 'O', 'X', 'X', 'X', 'X', 'X','O', 'O');
INSERT INTO FACILITY (AREA_NUM, FEED, SLEEP, SHOWER, LAUNDRY, CLINIC, PHARMACY, SHELTER, SALON, REPAIR, WASH, TRUCK)
VALUES(56, 'O', 'O', 'O', 'O', 'X', 'X', 'X', 'X', 'X','O', 'O');
INSERT INTO FACILITY (AREA_NUM, FEED, SLEEP, SHOWER, LAUNDRY, CLINIC, PHARMACY, SHELTER, SALON, REPAIR, WASH, TRUCK)
VALUES(57, 'O', 'O', 'O', 'O', 'X', 'X', 'O', 'X', 'X','X', 'O');
INSERT INTO FACILITY (AREA_NUM, FEED, SLEEP, SHOWER, LAUNDRY, CLINIC, PHARMACY, SHELTER, SALON, REPAIR, WASH, TRUCK)
VALUES(58, 'O', 'O', 'O', 'O', 'X', 'X', 'O', 'X', 'O','X', 'O');
INSERT INTO FACILITY (AREA_NUM, FEED, SLEEP, SHOWER, LAUNDRY, CLINIC, PHARMACY, SHELTER, SALON, REPAIR, WASH, TRUCK)
VALUES(59, 'O', 'X', 'X', 'X', 'X', 'X', 'O', 'X', 'X','X', 'X');
INSERT INTO FACILITY (AREA_NUM, FEED, SLEEP, SHOWER, LAUNDRY, CLINIC, PHARMACY, SHELTER, SALON, REPAIR, WASH, TRUCK)
VALUES(60, 'O', 'O', 'O', 'O', 'X', 'X', 'O', 'X', 'X','X', 'O');
INSERT INTO FACILITY (AREA_NUM, FEED, SLEEP, SHOWER, LAUNDRY, CLINIC, PHARMACY, SHELTER, SALON, REPAIR, WASH, TRUCK)
VALUES(61, 'O', 'X', 'X', 'X', 'X', 'X', 'O', 'X', 'X','X', 'X');
INSERT INTO FACILITY (AREA_NUM, FEED, SLEEP, SHOWER, LAUNDRY, CLINIC, PHARMACY, SHELTER, SALON, REPAIR, WASH, TRUCK)
VALUES(62, 'O', 'O', 'O', 'O', 'X', 'X', 'O', 'X', 'X','X', 'X');
INSERT INTO FACILITY (AREA_NUM, FEED, SLEEP, SHOWER, LAUNDRY, CLINIC, PHARMACY, SHELTER, SALON, REPAIR, WASH, TRUCK)
VALUES(63, 'O', 'O', 'O', 'O', 'X', 'X', 'O', 'X', 'X','X', 'X');
INSERT INTO FACILITY (AREA_NUM, FEED, SLEEP, SHOWER, LAUNDRY, CLINIC, PHARMACY, SHELTER, SALON, REPAIR, WASH, TRUCK)
VALUES(64, 'O', 'O', 'O', 'O', 'X', 'X', 'O', 'X', 'X','X', 'O');
INSERT INTO FACILITY (AREA_NUM, FEED, SLEEP, SHOWER, LAUNDRY, CLINIC, PHARMACY, SHELTER, SALON, REPAIR, WASH, TRUCK)
VALUES(65, 'O', 'O', 'O', 'O', 'X', 'X', 'O', 'X', 'X','X', 'O');
INSERT INTO FACILITY (AREA_NUM, FEED, SLEEP, SHOWER, LAUNDRY, CLINIC, PHARMACY, SHELTER, SALON, REPAIR, WASH, TRUCK)
VALUES(66, 'O', 'X', 'X', 'X', 'X', 'X', 'O', 'X', 'X','X', 'X');
INSERT INTO FACILITY (AREA_NUM, FEED, SLEEP, SHOWER, LAUNDRY, CLINIC, PHARMACY, SHELTER, SALON, REPAIR, WASH, TRUCK)
VALUES(67, 'O', 'X', 'O', 'X', 'X', 'X', 'O', 'X', 'X','X', 'X');
INSERT INTO FACILITY (AREA_NUM, FEED, SLEEP, SHOWER, LAUNDRY, CLINIC, PHARMACY, SHELTER, SALON, REPAIR, WASH, TRUCK)
VALUES(68, 'O', 'X', 'X', 'X', 'X', 'X', 'X', 'X', 'X','X', 'X');
INSERT INTO FACILITY (AREA_NUM, FEED, SLEEP, SHOWER, LAUNDRY, CLINIC, PHARMACY, SHELTER, SALON, REPAIR, WASH, TRUCK)
VALUES(69, 'O', 'O', 'O', 'O', 'X', 'X', 'O', 'X', 'X','X', 'O');
INSERT INTO FACILITY (AREA_NUM, FEED, SLEEP, SHOWER, LAUNDRY, CLINIC, PHARMACY, SHELTER, SALON, REPAIR, WASH, TRUCK)
VALUES(70, 'O', 'X', 'X', 'X', 'X', 'X', 'O', 'X', 'X','X', 'X');
INSERT INTO FACILITY (AREA_NUM, FEED, SLEEP, SHOWER, LAUNDRY, CLINIC, PHARMACY, SHELTER, SALON, REPAIR, WASH, TRUCK)
VALUES(71, 'O', 'X', 'X', 'X', 'X', 'X', 'O', 'X', 'X','X', 'X');
INSERT INTO FACILITY (AREA_NUM, FEED, SLEEP, SHOWER, LAUNDRY, CLINIC, PHARMACY, SHELTER, SALON, REPAIR, WASH, TRUCK)
VALUES(72, 'O', 'O', 'O', 'O', 'X', 'X', 'O', 'X', 'X','X', 'O');
INSERT INTO FACILITY (AREA_NUM, FEED, SLEEP, SHOWER, LAUNDRY, CLINIC, PHARMACY, SHELTER, SALON, REPAIR, WASH, TRUCK)
VALUES(73, 'O', 'O', 'O', 'O', 'X', 'X', 'O', 'X', 'X','X', 'O');
INSERT INTO FACILITY (AREA_NUM, FEED, SLEEP, SHOWER, LAUNDRY, CLINIC, PHARMACY, SHELTER, SALON, REPAIR, WASH, TRUCK)
VALUES(74, 'O', 'X', 'X', 'X', 'X', 'X', 'X', 'X', 'X','X', 'X');
INSERT INTO FACILITY (AREA_NUM, FEED, SLEEP, SHOWER, LAUNDRY, CLINIC, PHARMACY, SHELTER, SALON, REPAIR, WASH, TRUCK)
VALUES(75, 'O', 'X', 'X', 'X', 'X', 'X', 'X', 'X', 'X','X', 'X');
INSERT INTO FACILITY (AREA_NUM, FEED, SLEEP, SHOWER, LAUNDRY, CLINIC, PHARMACY, SHELTER, SALON, REPAIR, WASH, TRUCK)
VALUES(76, 'O', 'X', 'X', 'X', 'X', 'X', 'O', 'X', 'X','X', 'X');
INSERT INTO FACILITY (AREA_NUM, FEED, SLEEP, SHOWER, LAUNDRY, CLINIC, PHARMACY, SHELTER, SALON, REPAIR, WASH, TRUCK)
VALUES(77, 'O', 'X', 'O', 'X', 'X', 'X', 'O', 'X', 'X','X', 'X');
INSERT INTO FACILITY (AREA_NUM, FEED, SLEEP, SHOWER, LAUNDRY, CLINIC, PHARMACY, SHELTER, SALON, REPAIR, WASH, TRUCK)
VALUES(78, 'O', 'X', 'X', 'X', 'X', 'X', 'O', 'X', 'X','X', 'X');
INSERT INTO FACILITY (AREA_NUM, FEED, SLEEP, SHOWER, LAUNDRY, CLINIC, PHARMACY, SHELTER, SALON, REPAIR, WASH, TRUCK)
VALUES(79, 'O', 'X', 'X', 'X', 'X', 'X', 'O', 'X', 'X','X', 'X');
INSERT INTO FACILITY (AREA_NUM, FEED, SLEEP, SHOWER, LAUNDRY, CLINIC, PHARMACY, SHELTER, SALON, REPAIR, WASH, TRUCK)
VALUES(80, 'O', 'X', 'X', 'X', 'X', 'X', 'X', 'X', 'X','O', 'X');
INSERT INTO FACILITY (AREA_NUM, FEED, SLEEP, SHOWER, LAUNDRY, CLINIC, PHARMACY, SHELTER, SALON, REPAIR, WASH, TRUCK)
VALUES(81, 'O', 'X', 'X', 'X', 'X', 'X', 'O', 'X', 'X','X', 'X');
INSERT INTO FACILITY (AREA_NUM, FEED, SLEEP, SHOWER, LAUNDRY, CLINIC, PHARMACY, SHELTER, SALON, REPAIR, WASH, TRUCK)
VALUES(82, 'O', 'X', 'X', 'X', 'X', 'X', 'O', 'X', 'O','X', 'X');
INSERT INTO FACILITY (AREA_NUM, FEED, SLEEP, SHOWER, LAUNDRY, CLINIC, PHARMACY, SHELTER, SALON, REPAIR, WASH, TRUCK)
VALUES(83, 'O', 'X', 'X', 'X', 'X', 'X', 'O', 'X', 'X','X', 'X');
INSERT INTO FACILITY (AREA_NUM, FEED, SLEEP, SHOWER, LAUNDRY, CLINIC, PHARMACY, SHELTER, SALON, REPAIR, WASH, TRUCK)
VALUES(84, 'O', 'X', 'X', 'X', 'X', 'X', 'O', 'X', 'X','X', 'X');
INSERT INTO FACILITY (AREA_NUM, FEED, SLEEP, SHOWER, LAUNDRY, CLINIC, PHARMACY, SHELTER, SALON, REPAIR, WASH, TRUCK)
VALUES(85, 'O', 'X', 'X', 'X', 'X', 'X', 'X', 'X', 'X','X', 'X');
INSERT INTO FACILITY (AREA_NUM, FEED, SLEEP, SHOWER, LAUNDRY, CLINIC, PHARMACY, SHELTER, SALON, REPAIR, WASH, TRUCK)
VALUES(86, 'O', 'X', 'X', 'X', 'X', 'X', 'X', 'X', 'X','X', 'X');
INSERT INTO FACILITY (AREA_NUM, FEED, SLEEP, SHOWER, LAUNDRY, CLINIC, PHARMACY, SHELTER, SALON, REPAIR, WASH, TRUCK)
VALUES(87, 'O', 'X', 'X', 'X', 'X', 'X', 'X', 'X', 'X','X', 'X');
INSERT INTO FACILITY (AREA_NUM, FEED, SLEEP, SHOWER, LAUNDRY, CLINIC, PHARMACY, SHELTER, SALON, REPAIR, WASH, TRUCK)
VALUES(88, 'O', 'X', 'X', 'X', 'X', 'X', 'O', 'X', 'X','X', 'X');
INSERT INTO FACILITY (AREA_NUM, FEED, SLEEP, SHOWER, LAUNDRY, CLINIC, PHARMACY, SHELTER, SALON, REPAIR, WASH, TRUCK)
VALUES(89, 'O', 'X', 'X', 'X', 'X', 'X', 'O', 'X', 'X','X', 'X');
INSERT INTO FACILITY (AREA_NUM, FEED, SLEEP, SHOWER, LAUNDRY, CLINIC, PHARMACY, SHELTER, SALON, REPAIR, WASH, TRUCK)
VALUES(90, 'O', 'X', 'X', 'X', 'X', 'X', 'O', 'X', 'X','X', 'X');
INSERT INTO FACILITY (AREA_NUM, FEED, SLEEP, SHOWER, LAUNDRY, CLINIC, PHARMACY, SHELTER, SALON, REPAIR, WASH, TRUCK)
VALUES(91, 'O', 'X', 'X', 'X', 'X', 'X', 'O', 'X', 'X','X', 'X');
INSERT INTO FACILITY (AREA_NUM, FEED, SLEEP, SHOWER, LAUNDRY, CLINIC, PHARMACY, SHELTER, SALON, REPAIR, WASH, TRUCK)
VALUES(92, 'O', 'O', 'O', 'O', 'X', 'X', 'O', 'X', 'X','X', 'O');
INSERT INTO FACILITY (AREA_NUM, FEED, SLEEP, SHOWER, LAUNDRY, CLINIC, PHARMACY, SHELTER, SALON, REPAIR, WASH, TRUCK)
VALUES(93, 'O', 'O', 'O', 'O', 'X', 'X', 'O', 'X', 'X','X', 'O');
INSERT INTO FACILITY (AREA_NUM, FEED, SLEEP, SHOWER, LAUNDRY, CLINIC, PHARMACY, SHELTER, SALON, REPAIR, WASH, TRUCK)
VALUES(94, 'O', 'X', 'X', 'X', 'X', 'X', 'O', 'X', 'X','X', 'X');
INSERT INTO FACILITY (AREA_NUM, FEED, SLEEP, SHOWER, LAUNDRY, CLINIC, PHARMACY, SHELTER, SALON, REPAIR, WASH, TRUCK)
VALUES(95, 'O', 'X', 'X', 'X', 'X', 'X', 'O', 'X', 'X','X', 'X');
INSERT INTO FACILITY (AREA_NUM, FEED, SLEEP, SHOWER, LAUNDRY, CLINIC, PHARMACY, SHELTER, SALON, REPAIR, WASH, TRUCK)
VALUES(96, 'O', 'X', 'X', 'X', 'X', 'O', 'O', 'X', 'X','O', 'X');
INSERT INTO FACILITY (AREA_NUM, FEED, SLEEP, SHOWER, LAUNDRY, CLINIC, PHARMACY, SHELTER, SALON, REPAIR, WASH, TRUCK)
VALUES(97, 'O', 'O', 'O', 'X', 'X', 'X', 'O', 'X', 'O','X', 'O');
INSERT INTO FACILITY (AREA_NUM, FEED, SLEEP, SHOWER, LAUNDRY, CLINIC, PHARMACY, SHELTER, SALON, REPAIR, WASH, TRUCK)
VALUES(98, 'O', 'X', 'X', 'X', 'X', 'X', 'X', 'X', 'X','X', 'X');
INSERT INTO FACILITY (AREA_NUM, FEED, SLEEP, SHOWER, LAUNDRY, CLINIC, PHARMACY, SHELTER, SALON, REPAIR, WASH, TRUCK)
VALUES(99, 'O', 'X', 'X', 'X', 'X', 'X', 'X', 'X', 'X','X', 'X');
INSERT INTO FACILITY (AREA_NUM, FEED, SLEEP, SHOWER, LAUNDRY, CLINIC, PHARMACY, SHELTER, SALON, REPAIR, WASH, TRUCK)
VALUES(100, 'O', 'X', 'O', 'O', 'X', 'O', 'X', 'X', 'X','X', 'X');
INSERT INTO FACILITY (AREA_NUM, FEED, SLEEP, SHOWER, LAUNDRY, CLINIC, PHARMACY, SHELTER, SALON, REPAIR, WASH, TRUCK)
VALUES(101, 'O', 'X', 'O', 'O', 'X', 'X', 'X', 'X', 'X','X', 'X');
INSERT INTO FACILITY (AREA_NUM, FEED, SLEEP, SHOWER, LAUNDRY, CLINIC, PHARMACY, SHELTER, SALON, REPAIR, WASH, TRUCK)
VALUES(102, 'O', 'O', 'O', 'O', 'O', 'X', 'O', 'X', 'X','O', 'O');
INSERT INTO FACILITY (AREA_NUM, FEED, SLEEP, SHOWER, LAUNDRY, CLINIC, PHARMACY, SHELTER, SALON, REPAIR, WASH, TRUCK)
VALUES(103, 'O', 'X', 'X', 'X', 'X', 'X', 'X', 'X', 'X','X', 'X');
INSERT INTO FACILITY (AREA_NUM, FEED, SLEEP, SHOWER, LAUNDRY, CLINIC, PHARMACY, SHELTER, SALON, REPAIR, WASH, TRUCK)
VALUES(104, 'O', 'X', 'X', 'X', 'X', 'X', 'X', 'X', 'X','X', 'X');
INSERT INTO FACILITY (AREA_NUM, FEED, SLEEP, SHOWER, LAUNDRY, CLINIC, PHARMACY, SHELTER, SALON, REPAIR, WASH, TRUCK)
VALUES(105, 'O', 'X', 'X', 'X', 'X', 'X', 'O', 'X', 'X','X', 'X');
INSERT INTO FACILITY (AREA_NUM, FEED, SLEEP, SHOWER, LAUNDRY, CLINIC, PHARMACY, SHELTER, SALON, REPAIR, WASH, TRUCK)
VALUES(106, 'O', 'O', 'O', 'O', 'X', 'X', 'O', 'X', 'X','X', 'O');
INSERT INTO FACILITY (AREA_NUM, FEED, SLEEP, SHOWER, LAUNDRY, CLINIC, PHARMACY, SHELTER, SALON, REPAIR, WASH, TRUCK)
VALUES(107, 'O', 'O', 'O', 'O', 'X', 'X', 'O', 'X', 'X','X', 'O');
INSERT INTO FACILITY (AREA_NUM, FEED, SLEEP, SHOWER, LAUNDRY, CLINIC, PHARMACY, SHELTER, SALON, REPAIR, WASH, TRUCK)
VALUES(108, 'O', 'O', 'O', 'O', 'X', 'X', 'O', 'X', 'X','X', 'O');
INSERT INTO FACILITY (AREA_NUM, FEED, SLEEP, SHOWER, LAUNDRY, CLINIC, PHARMACY, SHELTER, SALON, REPAIR, WASH, TRUCK)
VALUES(109, 'O', 'O', 'O', 'O', 'X', 'X', 'O', 'X', 'X','X', 'O');
INSERT INTO FACILITY (AREA_NUM, FEED, SLEEP, SHOWER, LAUNDRY, CLINIC, PHARMACY, SHELTER, SALON, REPAIR, WASH, TRUCK)
VALUES(110, 'O', 'X', 'X', 'X', 'X', 'X', 'O', 'X', 'X','X', 'X');
INSERT INTO FACILITY (AREA_NUM, FEED, SLEEP, SHOWER, LAUNDRY, CLINIC, PHARMACY, SHELTER, SALON, REPAIR, WASH, TRUCK)
VALUES(111, 'O', 'O', 'O', 'O', 'X', 'X', 'O', 'X', 'X','X', 'O');
INSERT INTO FACILITY (AREA_NUM, FEED, SLEEP, SHOWER, LAUNDRY, CLINIC, PHARMACY, SHELTER, SALON, REPAIR, WASH, TRUCK)
VALUES(112, 'O', 'O', 'O', 'O', 'X', 'X', 'O', 'X', 'X','X', 'O');
INSERT INTO FACILITY (AREA_NUM, FEED, SLEEP, SHOWER, LAUNDRY, CLINIC, PHARMACY, SHELTER, SALON, REPAIR, WASH, TRUCK)
VALUES(113, 'O', 'O', 'O', 'O', 'X', 'X', 'O', 'X', 'X','X', 'O');
INSERT INTO FACILITY (AREA_NUM, FEED, SLEEP, SHOWER, LAUNDRY, CLINIC, PHARMACY, SHELTER, SALON, REPAIR, WASH, TRUCK)
VALUES(114, 'O', 'O', 'O', 'O', 'X', 'X', 'O', 'X', 'X','X', 'O');
INSERT INTO FACILITY (AREA_NUM, FEED, SLEEP, SHOWER, LAUNDRY, CLINIC, PHARMACY, SHELTER, SALON, REPAIR, WASH, TRUCK)
VALUES(115, 'O', 'O', 'O', 'O', 'X', 'X', 'O', 'X', 'X','X', 'O');
INSERT INTO FACILITY (AREA_NUM, FEED, SLEEP, SHOWER, LAUNDRY, CLINIC, PHARMACY, SHELTER, SALON, REPAIR, WASH, TRUCK)
VALUES(116, 'O', 'O', 'O', 'O', 'X', 'X', 'O', 'X', 'X','X', 'O');
INSERT INTO FACILITY (AREA_NUM, FEED, SLEEP, SHOWER, LAUNDRY, CLINIC, PHARMACY, SHELTER, SALON, REPAIR, WASH, TRUCK)
VALUES(117, 'O', 'O', 'O', 'O', 'X', 'X', 'O', 'X', 'X','X', 'O');
INSERT INTO FACILITY (AREA_NUM, FEED, SLEEP, SHOWER, LAUNDRY, CLINIC, PHARMACY, SHELTER, SALON, REPAIR, WASH, TRUCK)
VALUES(118, 'O', 'X', 'X', 'X', 'X', 'X', 'X', 'X', 'X','X', 'X');
INSERT INTO FACILITY (AREA_NUM, FEED, SLEEP, SHOWER, LAUNDRY, CLINIC, PHARMACY, SHELTER, SALON, REPAIR, WASH, TRUCK)
VALUES(119, 'O', 'X', 'X', 'X', 'X', 'X', 'O', 'X', 'X','X', 'X');
INSERT INTO FACILITY (AREA_NUM, FEED, SLEEP, SHOWER, LAUNDRY, CLINIC, PHARMACY, SHELTER, SALON, REPAIR, WASH, TRUCK)
VALUES(120, 'O', 'X', 'X', 'X', 'X', 'X', 'O', 'X', 'X','X', 'X');
INSERT INTO FACILITY (AREA_NUM, FEED, SLEEP, SHOWER, LAUNDRY, CLINIC, PHARMACY, SHELTER, SALON, REPAIR, WASH, TRUCK)
VALUES(121, 'O', 'O', 'O', 'X', 'X', 'X', 'O', 'O', 'O','X', 'O');
INSERT INTO FACILITY (AREA_NUM, FEED, SLEEP, SHOWER, LAUNDRY, CLINIC, PHARMACY, SHELTER, SALON, REPAIR, WASH, TRUCK)
VALUES(122, 'O', 'O', 'O', 'O', 'X', 'X', 'O', 'O', 'O','X', 'O');
INSERT INTO FACILITY (AREA_NUM, FEED, SLEEP, SHOWER, LAUNDRY, CLINIC, PHARMACY, SHELTER, SALON, REPAIR, WASH, TRUCK)
VALUES(123, 'O', 'X', 'O', 'X', 'X', 'X', 'X', 'X', 'O','X', 'X');
INSERT INTO FACILITY (AREA_NUM, FEED, SLEEP, SHOWER, LAUNDRY, CLINIC, PHARMACY, SHELTER, SALON, REPAIR, WASH, TRUCK)
VALUES(124, 'X', 'O', 'O', 'O', 'X', 'X', 'X', 'X', 'O','O', 'O');
INSERT INTO FACILITY (AREA_NUM, FEED, SLEEP, SHOWER, LAUNDRY, CLINIC, PHARMACY, SHELTER, SALON, REPAIR, WASH, TRUCK)
VALUES(125, 'O', 'X', 'X', 'X', 'X', 'X', 'O', 'X', 'X','X', 'X');
INSERT INTO FACILITY (AREA_NUM, FEED, SLEEP, SHOWER, LAUNDRY, CLINIC, PHARMACY, SHELTER, SALON, REPAIR, WASH, TRUCK)
VALUES(126, 'O', 'X', 'X', 'X', 'X', 'X', 'O', 'X', 'X','X', 'X');
INSERT INTO FACILITY (AREA_NUM, FEED, SLEEP, SHOWER, LAUNDRY, CLINIC, PHARMACY, SHELTER, SALON, REPAIR, WASH, TRUCK)
VALUES(127, 'O', 'X', 'X', 'X', 'X', 'X', 'O', 'X', 'X','X', 'X');
INSERT INTO FACILITY (AREA_NUM, FEED, SLEEP, SHOWER, LAUNDRY, CLINIC, PHARMACY, SHELTER, SALON, REPAIR, WASH, TRUCK)
VALUES(128, 'O', 'X', 'X', 'X', 'X', 'X', 'O', 'X', 'X','X', 'X');
INSERT INTO FACILITY (AREA_NUM, FEED, SLEEP, SHOWER, LAUNDRY, CLINIC, PHARMACY, SHELTER, SALON, REPAIR, WASH, TRUCK)
VALUES(129, 'O', 'X', 'O', 'X', 'X', 'X', 'O', 'X', 'X','O', 'X');
INSERT INTO FACILITY (AREA_NUM, FEED, SLEEP, SHOWER, LAUNDRY, CLINIC, PHARMACY, SHELTER, SALON, REPAIR, WASH, TRUCK)
VALUES(130, 'O', 'O', 'O', 'O', 'X', 'X', 'O', 'X', 'X','X', 'O');
INSERT INTO FACILITY (AREA_NUM, FEED, SLEEP, SHOWER, LAUNDRY, CLINIC, PHARMACY, SHELTER, SALON, REPAIR, WASH, TRUCK)
VALUES(131, 'O', 'O', 'O', 'O', 'X', 'X', 'O', 'X', 'X','X', 'O');
INSERT INTO FACILITY (AREA_NUM, FEED, SLEEP, SHOWER, LAUNDRY, CLINIC, PHARMACY, SHELTER, SALON, REPAIR, WASH, TRUCK)
VALUES(132, 'O', 'X', 'X', 'X', 'X', 'X', 'X', 'X', 'X','X', 'X');
INSERT INTO FACILITY (AREA_NUM, FEED, SLEEP, SHOWER, LAUNDRY, CLINIC, PHARMACY, SHELTER, SALON, REPAIR, WASH, TRUCK)
VALUES(133, 'O', 'X', 'X', 'X', 'X', 'X', 'X', 'X', 'X','X', 'X');
INSERT INTO FACILITY (AREA_NUM, FEED, SLEEP, SHOWER, LAUNDRY, CLINIC, PHARMACY, SHELTER, SALON, REPAIR, WASH, TRUCK)
VALUES(134, 'O', 'X', 'X', 'X', 'X', 'X', 'O', 'X', 'X','X', 'X');
INSERT INTO FACILITY (AREA_NUM, FEED, SLEEP, SHOWER, LAUNDRY, CLINIC, PHARMACY, SHELTER, SALON, REPAIR, WASH, TRUCK)
VALUES(135, 'O', 'O', 'O', 'O', 'X', 'X', 'O', 'X', 'X','O', 'O');
INSERT INTO FACILITY (AREA_NUM, FEED, SLEEP, SHOWER, LAUNDRY, CLINIC, PHARMACY, SHELTER, SALON, REPAIR, WASH, TRUCK)
VALUES(136, 'O', 'X', 'X', 'X', 'X', 'X', 'O', 'X', 'X','X', 'X');
INSERT INTO FACILITY (AREA_NUM, FEED, SLEEP, SHOWER, LAUNDRY, CLINIC, PHARMACY, SHELTER, SALON, REPAIR, WASH, TRUCK)
VALUES(137, 'O', 'X', 'X', 'X', 'X', 'X', 'O', 'X', 'X','X', 'X');
INSERT INTO FACILITY (AREA_NUM, FEED, SLEEP, SHOWER, LAUNDRY, CLINIC, PHARMACY, SHELTER, SALON, REPAIR, WASH, TRUCK)
VALUES(138, 'O', 'O', 'O', 'O', 'X', 'X', 'O', 'X', 'X','X', 'O');
INSERT INTO FACILITY (AREA_NUM, FEED, SLEEP, SHOWER, LAUNDRY, CLINIC, PHARMACY, SHELTER, SALON, REPAIR, WASH, TRUCK)
VALUES(139, 'O', 'O', 'O', 'O', 'X', 'X', 'O', 'X', 'X','X', 'O');
INSERT INTO FACILITY (AREA_NUM, FEED, SLEEP, SHOWER, LAUNDRY, CLINIC, PHARMACY, SHELTER, SALON, REPAIR, WASH, TRUCK)
VALUES(140, 'O', 'X', 'X', 'X', 'X', 'X', 'X', 'X', 'X','X', 'X');
INSERT INTO FACILITY (AREA_NUM, FEED, SLEEP, SHOWER, LAUNDRY, CLINIC, PHARMACY, SHELTER, SALON, REPAIR, WASH, TRUCK)
VALUES(141, 'O', 'X', 'X', 'X', 'X', 'X', 'O', 'X', 'X','O', 'X');
INSERT INTO FACILITY (AREA_NUM, FEED, SLEEP, SHOWER, LAUNDRY, CLINIC, PHARMACY, SHELTER, SALON, REPAIR, WASH, TRUCK)
VALUES(142, 'O', 'O', 'O', 'O', 'X', 'X', 'O', 'O', 'O','X', 'O');
INSERT INTO FACILITY (AREA_NUM, FEED, SLEEP, SHOWER, LAUNDRY, CLINIC, PHARMACY, SHELTER, SALON, REPAIR, WASH, TRUCK)
VALUES(143, 'O', 'X', 'X', 'X', 'X', 'X', 'X', 'X', 'X','X', 'X');
INSERT INTO FACILITY (AREA_NUM, FEED, SLEEP, SHOWER, LAUNDRY, CLINIC, PHARMACY, SHELTER, SALON, REPAIR, WASH, TRUCK)
VALUES(144, 'O', 'O', 'O', 'O', 'X', 'X', 'O', 'X', 'X','X', 'O');
INSERT INTO FACILITY (AREA_NUM, FEED, SLEEP, SHOWER, LAUNDRY, CLINIC, PHARMACY, SHELTER, SALON, REPAIR, WASH, TRUCK)
VALUES(145, 'O', 'X', 'X', 'X', 'X', 'X', 'X', 'X', 'X','X', 'X');
INSERT INTO FACILITY (AREA_NUM, FEED, SLEEP, SHOWER, LAUNDRY, CLINIC, PHARMACY, SHELTER, SALON, REPAIR, WASH, TRUCK)
VALUES(146, 'O', 'X', 'X', 'X', 'X', 'X', 'X', 'X', 'X','X', 'X');
INSERT INTO FACILITY (AREA_NUM, FEED, SLEEP, SHOWER, LAUNDRY, CLINIC, PHARMACY, SHELTER, SALON, REPAIR, WASH, TRUCK)
VALUES(147, 'O', 'X', 'X', 'X', 'X', 'X', 'O', 'X', 'X','X', 'X');
INSERT INTO FACILITY (AREA_NUM, FEED, SLEEP, SHOWER, LAUNDRY, CLINIC, PHARMACY, SHELTER, SALON, REPAIR, WASH, TRUCK)
VALUES(148, 'O', 'X', 'X', 'X', 'X', 'X', 'O', 'X', 'X','X', 'X');
INSERT INTO FACILITY (AREA_NUM, FEED, SLEEP, SHOWER, LAUNDRY, CLINIC, PHARMACY, SHELTER, SALON, REPAIR, WASH, TRUCK)
VALUES(149, 'O', 'X', 'X', 'X', 'X', 'X', 'X', 'X', 'X','X', 'X');
INSERT INTO FACILITY (AREA_NUM, FEED, SLEEP, SHOWER, LAUNDRY, CLINIC, PHARMACY, SHELTER, SALON, REPAIR, WASH, TRUCK)
VALUES(150, 'O', 'X', 'X', 'X', 'X', 'X', 'O', 'X', 'O','X', 'X');
INSERT INTO FACILITY (AREA_NUM, FEED, SLEEP, SHOWER, LAUNDRY, CLINIC, PHARMACY, SHELTER, SALON, REPAIR, WASH, TRUCK)
VALUES(151, 'O', 'X', 'X', 'X', 'X', 'X', 'X', 'X', 'X','O', 'X');
INSERT INTO FACILITY (AREA_NUM, FEED, SLEEP, SHOWER, LAUNDRY, CLINIC, PHARMACY, SHELTER, SALON, REPAIR, WASH, TRUCK)
VALUES(152, 'O', 'X', 'X', 'X', 'X', 'X', 'O', 'X', 'X','X', 'X');
INSERT INTO FACILITY (AREA_NUM, FEED, SLEEP, SHOWER, LAUNDRY, CLINIC, PHARMACY, SHELTER, SALON, REPAIR, WASH, TRUCK)
VALUES(153, 'O', 'X', 'X', 'X', 'X', 'X', 'O', 'X', 'X','X', 'X');
INSERT INTO FACILITY (AREA_NUM, FEED, SLEEP, SHOWER, LAUNDRY, CLINIC, PHARMACY, SHELTER, SALON, REPAIR, WASH, TRUCK)
VALUES(154, 'O', 'X', 'X', 'X', 'X', 'X', 'X', 'X', 'X','X', 'X');
INSERT INTO FACILITY (AREA_NUM, FEED, SLEEP, SHOWER, LAUNDRY, CLINIC, PHARMACY, SHELTER, SALON, REPAIR, WASH, TRUCK)
VALUES(155, 'O', 'X', 'X', 'X', 'X', 'X', 'X', 'X', 'X','X', 'X');
INSERT INTO FACILITY (AREA_NUM, FEED, SLEEP, SHOWER, LAUNDRY, CLINIC, PHARMACY, SHELTER, SALON, REPAIR, WASH, TRUCK)
VALUES(156, 'O', 'X', 'X', 'X', 'X', 'X', 'O', 'X', 'X','X', 'X');
INSERT INTO FACILITY (AREA_NUM, FEED, SLEEP, SHOWER, LAUNDRY, CLINIC, PHARMACY, SHELTER, SALON, REPAIR, WASH, TRUCK)
VALUES(157, 'O', 'X', 'X', 'X', 'X', 'X', 'X', 'X', 'O','X', 'X');
INSERT INTO FACILITY (AREA_NUM, FEED, SLEEP, SHOWER, LAUNDRY, CLINIC, PHARMACY, SHELTER, SALON, REPAIR, WASH, TRUCK)
VALUES(158, 'O', 'X', 'X', 'X', 'X', 'X', 'O', 'X', 'X','X', 'X');
INSERT INTO FACILITY (AREA_NUM, FEED, SLEEP, SHOWER, LAUNDRY, CLINIC, PHARMACY, SHELTER, SALON, REPAIR, WASH, TRUCK)
VALUES(159, 'O', 'X', 'O', 'X', 'X', 'X', 'O', 'X', 'X','X', 'X');
INSERT INTO FACILITY (AREA_NUM, FEED, SLEEP, SHOWER, LAUNDRY, CLINIC, PHARMACY, SHELTER, SALON, REPAIR, WASH, TRUCK)
VALUES(160, 'O', 'X', 'X', 'X', 'X', 'X', 'O', 'X', 'X','X', 'X');
INSERT INTO FACILITY (AREA_NUM, FEED, SLEEP, SHOWER, LAUNDRY, CLINIC, PHARMACY, SHELTER, SALON, REPAIR, WASH, TRUCK)
VALUES(161, 'O', 'X', 'X', 'X', 'X', 'X', 'O', 'X', 'X','X', 'X');
INSERT INTO FACILITY (AREA_NUM, FEED, SLEEP, SHOWER, LAUNDRY, CLINIC, PHARMACY, SHELTER, SALON, REPAIR, WASH, TRUCK)
VALUES(162, 'O', 'X', 'X', 'X', 'X', 'O', 'O', 'X', 'X','O', 'X');
INSERT INTO FACILITY (AREA_NUM, FEED, SLEEP, SHOWER, LAUNDRY, CLINIC, PHARMACY, SHELTER, SALON, REPAIR, WASH, TRUCK)
VALUES(163, 'O', 'X', 'X', 'X', 'X', 'X', 'O', 'X', 'X','X', 'X');
INSERT INTO FACILITY (AREA_NUM, FEED, SLEEP, SHOWER, LAUNDRY, CLINIC, PHARMACY, SHELTER, SALON, REPAIR, WASH, TRUCK)
VALUES(164, 'O', 'X', 'X', 'X', 'X', 'X', 'X', 'X', 'X','X', 'X');
INSERT INTO FACILITY (AREA_NUM, FEED, SLEEP, SHOWER, LAUNDRY, CLINIC, PHARMACY, SHELTER, SALON, REPAIR, WASH, TRUCK)
VALUES(165, 'O', 'X', 'X', 'X', 'X', 'X', 'X', 'X', 'X','X', 'X');
INSERT INTO FACILITY (AREA_NUM, FEED, SLEEP, SHOWER, LAUNDRY, CLINIC, PHARMACY, SHELTER, SALON, REPAIR, WASH, TRUCK)
VALUES(166, 'O', 'O', 'O', 'O', 'X', 'X', 'O', 'X', 'X','X', 'O');
INSERT INTO FACILITY (AREA_NUM, FEED, SLEEP, SHOWER, LAUNDRY, CLINIC, PHARMACY, SHELTER, SALON, REPAIR, WASH, TRUCK)
VALUES(167, 'O', 'X', 'X', 'X', 'X', 'X', 'O', 'X', 'X','X', 'X');
INSERT INTO FACILITY (AREA_NUM, FEED, SLEEP, SHOWER, LAUNDRY, CLINIC, PHARMACY, SHELTER, SALON, REPAIR, WASH, TRUCK)
VALUES(168, 'O', 'O', 'O', 'O', 'X', 'X', 'O', 'X', 'O','X', 'O');
INSERT INTO FACILITY (AREA_NUM, FEED, SLEEP, SHOWER, LAUNDRY, CLINIC, PHARMACY, SHELTER, SALON, REPAIR, WASH, TRUCK)
VALUES(169, 'O', 'O', 'O', 'O', 'X', 'X', 'O', 'X', 'O','X', 'O');
INSERT INTO FACILITY (AREA_NUM, FEED, SLEEP, SHOWER, LAUNDRY, CLINIC, PHARMACY, SHELTER, SALON, REPAIR, WASH, TRUCK)
VALUES(170, 'O', 'X', 'X', 'X', 'X', 'X', 'O', 'X', 'X','X', 'X');
INSERT INTO FACILITY (AREA_NUM, FEED, SLEEP, SHOWER, LAUNDRY, CLINIC, PHARMACY, SHELTER, SALON, REPAIR, WASH, TRUCK)
VALUES(171, 'O', 'X', 'X', 'X', 'X', 'X', 'O', 'X', 'X','X', 'X');
INSERT INTO FACILITY (AREA_NUM, FEED, SLEEP, SHOWER, LAUNDRY, CLINIC, PHARMACY, SHELTER, SALON, REPAIR, WASH, TRUCK)
VALUES(172, 'O', 'X', 'X', 'X', 'X', 'X', 'O', 'X', 'X','X', 'X');
INSERT INTO FACILITY (AREA_NUM, FEED, SLEEP, SHOWER, LAUNDRY, CLINIC, PHARMACY, SHELTER, SALON, REPAIR, WASH, TRUCK)
VALUES(173, 'O', 'O', 'O', 'O', 'X', 'X', 'O', 'X', 'X','X', 'O');
INSERT INTO FACILITY (AREA_NUM, FEED, SLEEP, SHOWER, LAUNDRY, CLINIC, PHARMACY, SHELTER, SALON, REPAIR, WASH, TRUCK)
VALUES(174, 'O', 'O', 'O', 'O', 'X', 'X', 'O', 'X', 'X','X', 'O');
INSERT INTO FACILITY (AREA_NUM, FEED, SLEEP, SHOWER, LAUNDRY, CLINIC, PHARMACY, SHELTER, SALON, REPAIR, WASH, TRUCK)
VALUES(175, 'O', 'X', 'X', 'X', 'X', 'X', 'O', 'X', 'X','X', 'X');
INSERT INTO FACILITY (AREA_NUM, FEED, SLEEP, SHOWER, LAUNDRY, CLINIC, PHARMACY, SHELTER, SALON, REPAIR, WASH, TRUCK)
VALUES(176, 'O', 'X', 'X', 'X', 'X', 'X', 'O', 'X', 'X','X', 'X');
INSERT INTO FACILITY (AREA_NUM, FEED, SLEEP, SHOWER, LAUNDRY, CLINIC, PHARMACY, SHELTER, SALON, REPAIR, WASH, TRUCK)
VALUES(177, 'O', 'O', 'O', 'O', 'X', 'X', 'O', 'X', 'X','X', 'O');
INSERT INTO FACILITY (AREA_NUM, FEED, SLEEP, SHOWER, LAUNDRY, CLINIC, PHARMACY, SHELTER, SALON, REPAIR, WASH, TRUCK)
VALUES(178, 'O', 'O', 'O', 'O', 'X', 'X', 'O', 'X', 'X','O', 'O');
INSERT INTO FACILITY (AREA_NUM, FEED, SLEEP, SHOWER, LAUNDRY, CLINIC, PHARMACY, SHELTER, SALON, REPAIR, WASH, TRUCK)
VALUES(179, 'O', 'O', 'O', 'O', 'X', 'X', 'O', 'X', 'O','X', 'O');
INSERT INTO FACILITY (AREA_NUM, FEED, SLEEP, SHOWER, LAUNDRY, CLINIC, PHARMACY, SHELTER, SALON, REPAIR, WASH, TRUCK)
VALUES(180, 'O', 'X', 'X', 'X', 'X', 'X', 'O', 'X', 'X','X', 'X');
INSERT INTO FACILITY (AREA_NUM, FEED, SLEEP, SHOWER, LAUNDRY, CLINIC, PHARMACY, SHELTER, SALON, REPAIR, WASH, TRUCK)
VALUES(181, 'O', 'O', 'O', 'O', 'X', 'X', 'O', 'X', 'X','X', 'O');
INSERT INTO FACILITY (AREA_NUM, FEED, SLEEP, SHOWER, LAUNDRY, CLINIC, PHARMACY, SHELTER, SALON, REPAIR, WASH, TRUCK)
VALUES(182, 'O', 'X', 'X', 'X', 'X', 'X', 'O', 'X', 'X','X', 'X');
INSERT INTO FACILITY (AREA_NUM, FEED, SLEEP, SHOWER, LAUNDRY, CLINIC, PHARMACY, SHELTER, SALON, REPAIR, WASH, TRUCK)
VALUES(183, 'O', 'X', 'X', 'X', 'X', 'X', 'O', 'X', 'X','X', 'X');
INSERT INTO FACILITY (AREA_NUM, FEED, SLEEP, SHOWER, LAUNDRY, CLINIC, PHARMACY, SHELTER, SALON, REPAIR, WASH, TRUCK)
VALUES(184, 'O', 'O', 'O', 'O', 'X', 'X', 'O', 'X', 'X','O', 'O');
INSERT INTO FACILITY (AREA_NUM, FEED, SLEEP, SHOWER, LAUNDRY, CLINIC, PHARMACY, SHELTER, SALON, REPAIR, WASH, TRUCK)
VALUES(185, 'O', 'X', 'X', 'X', 'X', 'X', 'O', 'X', 'X','X', 'X');
INSERT INTO FACILITY (AREA_NUM, FEED, SLEEP, SHOWER, LAUNDRY, CLINIC, PHARMACY, SHELTER, SALON, REPAIR, WASH, TRUCK)
VALUES(186, 'O', 'O', 'O', 'O', 'X', 'X', 'O', 'X', 'X','X', 'O');
INSERT INTO FACILITY (AREA_NUM, FEED, SLEEP, SHOWER, LAUNDRY, CLINIC, PHARMACY, SHELTER, SALON, REPAIR, WASH, TRUCK)
VALUES(187, 'O', 'X', 'X', 'X', 'X', 'X', 'O', 'X', 'X','X', 'X');
INSERT INTO FACILITY (AREA_NUM, FEED, SLEEP, SHOWER, LAUNDRY, CLINIC, PHARMACY, SHELTER, SALON, REPAIR, WASH, TRUCK)
VALUES(188, 'O', 'X', 'X', 'X', 'X', 'X', 'O', 'X', 'X','X', 'X');
INSERT INTO FACILITY (AREA_NUM, FEED, SLEEP, SHOWER, LAUNDRY, CLINIC, PHARMACY, SHELTER, SALON, REPAIR, WASH, TRUCK)
VALUES(189, 'O', 'X', 'X', 'X', 'X', 'X', 'O', 'X', 'X','X', 'X');
INSERT INTO FACILITY (AREA_NUM, FEED, SLEEP, SHOWER, LAUNDRY, CLINIC, PHARMACY, SHELTER, SALON, REPAIR, WASH, TRUCK)
VALUES(190, 'O', 'X', 'X', 'X', 'X', 'X', 'O', 'X', 'X','X', 'X');
INSERT INTO FACILITY (AREA_NUM, FEED, SLEEP, SHOWER, LAUNDRY, CLINIC, PHARMACY, SHELTER, SALON, REPAIR, WASH, TRUCK)
VALUES(191, 'O', 'X', 'X', 'X', 'X', 'X', 'O', 'X', 'X','X', 'X');
INSERT INTO FACILITY (AREA_NUM, FEED, SLEEP, SHOWER, LAUNDRY, CLINIC, PHARMACY, SHELTER, SALON, REPAIR, WASH, TRUCK)
VALUES(192, 'O', 'X', 'X', 'X', 'X', 'X', 'O', 'X', 'X','X', 'X');
INSERT INTO FACILITY (AREA_NUM, FEED, SLEEP, SHOWER, LAUNDRY, CLINIC, PHARMACY, SHELTER, SALON, REPAIR, WASH, TRUCK)
VALUES(193, 'O', 'X', 'X', 'X', 'X', 'X', 'O', 'X', 'X','X', 'X');
INSERT INTO FACILITY (AREA_NUM, FEED, SLEEP, SHOWER, LAUNDRY, CLINIC, PHARMACY, SHELTER, SALON, REPAIR, WASH, TRUCK)
VALUES(194, 'O', 'X', 'X', 'X', 'X', 'O', 'O', 'X', 'O','X', 'X');
INSERT INTO FACILITY (AREA_NUM, FEED, SLEEP, SHOWER, LAUNDRY, CLINIC, PHARMACY, SHELTER, SALON, REPAIR, WASH, TRUCK)
VALUES(195, 'O', 'X', 'X', 'X', 'X', 'X', 'O', 'X', 'X','X', 'X');
INSERT INTO FACILITY (AREA_NUM, FEED, SLEEP, SHOWER, LAUNDRY, CLINIC, PHARMACY, SHELTER, SALON, REPAIR, WASH, TRUCK)
VALUES(196, 'O', 'X', 'X', 'X', 'X', 'X', 'O', 'X', 'X','X', 'X');
INSERT INTO FACILITY (AREA_NUM, FEED, SLEEP, SHOWER, LAUNDRY, CLINIC, PHARMACY, SHELTER, SALON, REPAIR, WASH, TRUCK)
VALUES(197, 'O', 'X', 'X', 'X', 'X', 'X', 'O', 'X', 'X','X', 'X');
INSERT INTO FACILITY (AREA_NUM, FEED, SLEEP, SHOWER, LAUNDRY, CLINIC, PHARMACY, SHELTER, SALON, REPAIR, WASH, TRUCK)
VALUES(198, 'O', 'X', 'X', 'X', 'X', 'X', 'O', 'X', 'X','X', 'X');
INSERT INTO FACILITY (AREA_NUM, FEED, SLEEP, SHOWER, LAUNDRY, CLINIC, PHARMACY, SHELTER, SALON, REPAIR, WASH, TRUCK)
VALUES(199, 'O', 'X', 'X', 'X', 'X', 'X', 'X', 'X', 'X','X', 'X');
INSERT INTO FACILITY (AREA_NUM, FEED, SLEEP, SHOWER, LAUNDRY, CLINIC, PHARMACY, SHELTER, SALON, REPAIR, WASH, TRUCK)
VALUES(200, 'O', 'X', 'X', 'X', 'X', 'X', 'X', 'X', 'X','X', 'X');
INSERT INTO FACILITY (AREA_NUM, FEED, SLEEP, SHOWER, LAUNDRY, CLINIC, PHARMACY, SHELTER, SALON, REPAIR, WASH, TRUCK)
VALUES(201, 'O', 'X', 'X', 'X', 'X', 'X', 'X', 'X', 'X','X', 'X');
INSERT INTO FACILITY (AREA_NUM, FEED, SLEEP, SHOWER, LAUNDRY, CLINIC, PHARMACY, SHELTER, SALON, REPAIR, WASH, TRUCK)
VALUES(202, 'O', 'X', 'O', 'O', 'X', 'X', 'O', 'X', 'X','X', 'X');
INSERT INTO FACILITY (AREA_NUM, FEED, SLEEP, SHOWER, LAUNDRY, CLINIC, PHARMACY, SHELTER, SALON, REPAIR, WASH, TRUCK)
VALUES(203, 'O', 'X', 'X', 'X', 'X', 'X', 'X', 'X', 'X','O', 'X');
INSERT INTO FACILITY (AREA_NUM, FEED, SLEEP, SHOWER, LAUNDRY, CLINIC, PHARMACY, SHELTER, SALON, REPAIR, WASH, TRUCK)
VALUES(204, 'O', 'X', 'X', 'X', 'X', 'X', 'X', 'X', 'X','O', 'X');
INSERT INTO FACILITY (AREA_NUM, FEED, SLEEP, SHOWER, LAUNDRY, CLINIC, PHARMACY, SHELTER, SALON, REPAIR, WASH, TRUCK)
VALUES(205, 'O', 'X', 'X', 'X', 'X', 'X', 'X', 'X', 'X','X', 'X');
INSERT INTO FACILITY (AREA_NUM, FEED, SLEEP, SHOWER, LAUNDRY, CLINIC, PHARMACY, SHELTER, SALON, REPAIR, WASH, TRUCK)
VALUES(206, 'O', 'X', 'X', 'X', 'X', 'X', 'X', 'X', 'X','X', 'X');
INSERT INTO FACILITY (AREA_NUM, FEED, SLEEP, SHOWER, LAUNDRY, CLINIC, PHARMACY, SHELTER, SALON, REPAIR, WASH, TRUCK)
VALUES(207, 'O', 'X', 'X', 'X', 'X', 'X', 'O', 'X', 'X','X', 'X');
INSERT INTO FACILITY (AREA_NUM, FEED, SLEEP, SHOWER, LAUNDRY, CLINIC, PHARMACY, SHELTER, SALON, REPAIR, WASH, TRUCK)
VALUES(208, 'O', 'X', 'X', 'X', 'X', 'X', 'O', 'X', 'X','X', 'X');
INSERT INTO FACILITY (AREA_NUM, FEED, SLEEP, SHOWER, LAUNDRY, CLINIC, PHARMACY, SHELTER, SALON, REPAIR, WASH, TRUCK)
VALUES(209, 'O', 'X', 'X', 'X', 'X', 'X', 'O', 'X', 'X','X', 'X');
INSERT INTO FACILITY (AREA_NUM, FEED, SLEEP, SHOWER, LAUNDRY, CLINIC, PHARMACY, SHELTER, SALON, REPAIR, WASH, TRUCK)
VALUES(210, 'O', 'X', 'X', 'X', 'X', 'X', 'O', 'X', 'X','X', 'X');

/* 문의사항 테이블 가데이터 생성 */
/* 1 계정당 1~2개씩 데이터 */
-- ACC_NUM = 6
INSERT INTO INQUIRY (INQ_NUM, TITLE, CONTENT, NAME, ACC_NUM)
VALUES (SEQ_INQ_NUM.NEXTVAL, '로그인 오류', '로그인이 되지 않아요.',
(SELECT NAME FROM ACCOUNT WHERE ACC_NUM=6), 6);
INSERT INTO INQUIRY (INQ_NUM, TITLE, CONTENT, NAME, STATUS_TYPE, ACC_NUM)
VALUES (SEQ_INQ_NUM.NEXTVAL, '회원탈퇴', '회원탈퇴는 어디서 하나요?',
(SELECT NAME FROM ACCOUNT WHERE ACC_NUM=6), '답변완료', 6);
-- ACC_NUM = 7
INSERT INTO INQUIRY (INQ_NUM, TITLE, CONTENT, NAME, ACC_NUM)
VALUES (SEQ_INQ_NUM.NEXTVAL, '전화번호 수정', '전화번호를 바꾸고 싶어요.',
(SELECT NAME FROM ACCOUNT WHERE ACC_NUM=7), 7);
INSERT INTO INQUIRY (INQ_NUM, TITLE, CONTENT, NAME, STATUS_TYPE, ACC_NUM)
VALUES (SEQ_INQ_NUM.NEXTVAL, '아이디 찾기', '아이디를 잊어버렸습니다.',
(SELECT NAME FROM ACCOUNT WHERE ACC_NUM=7), '답변완료', 7);
-- ACC_NUM = 8
INSERT INTO INQUIRY (INQ_NUM, TITLE, CONTENT, NAME, ACC_NUM)
VALUES (SEQ_INQ_NUM.NEXTVAL, '이벤트 일정', '다음 이벤트는 언제인가요?',
(SELECT NAME FROM ACCOUNT WHERE ACC_NUM=8), 8);
INSERT INTO INQUIRY (INQ_NUM, TITLE, CONTENT, NAME, STATUS_TYPE, ACC_NUM)
VALUES (SEQ_INQ_NUM.NEXTVAL, '비밀번호 변경', '비밀번호는 어디서 변경하나요?',
(SELECT NAME FROM ACCOUNT WHERE ACC_NUM=8), '답변완료', 8);
-- ACC_NUM = 9
INSERT INTO INQUIRY (INQ_NUM, TITLE, CONTENT, NAME, ACC_NUM)
VALUES (SEQ_INQ_NUM.NEXTVAL, '휴면 계정 복구', '휴면 계정은 어떻게 복구하나요?',
(SELECT NAME FROM ACCOUNT WHERE ACC_NUM=9), 9);
INSERT INTO INQUIRY (INQ_NUM, TITLE, CONTENT, NAME, STATUS_TYPE, ACC_NUM)
VALUES (SEQ_INQ_NUM.NEXTVAL, '이벤트 일정', '다음 이벤트는 언제인가요?',
(SELECT NAME FROM ACCOUNT WHERE ACC_NUM=9), '답변완료', 9);
-- ACC_NUM = 10
INSERT INTO INQUIRY (INQ_NUM, TITLE, CONTENT, NAME, STATUS_TYPE, ACC_NUM)
VALUES (SEQ_INQ_NUM.NEXTVAL, '전화번호 수정', '전화번호를 바꾸고 싶어요.',
(SELECT NAME FROM ACCOUNT WHERE ACC_NUM=10), '답변완료', 10);
-- ACC_NUM = 11
INSERT INTO INQUIRY (INQ_NUM, TITLE, CONTENT, NAME, STATUS_TYPE, ACC_NUM)
VALUES (SEQ_INQ_NUM.NEXTVAL, '탈퇴 후 재가입', '탈퇴 후 재가입이 가능한가요?',
(SELECT NAME FROM ACCOUNT WHERE ACC_NUM=11), '답변완료', 11);
-- ACC_NUM = 12
-- ACC_NUM = 13
INSERT INTO INQUIRY (INQ_NUM, TITLE, CONTENT, NAME, STATUS_TYPE, ACC_NUM)
VALUES (SEQ_INQ_NUM.NEXTVAL, '닉네임 변경', '닉네임은 이름 말고 바꿀 수 있나요?',
(SELECT NAME FROM ACCOUNT WHERE ACC_NUM=13), '답변완료', 13);


/* 문의답변 테이블 가데이터 생성 */
INSERT INTO ANSWER (INQ_NUM, CONTENT, NAME)
VALUES (2, '마이페이지에서 회원 탈퇴가 가능합니다.',
(SELECT NAME FROM ACCOUNT WHERE ACC_NUM=2));
INSERT INTO ANSWER (INQ_NUM, CONTENT, NAME)
VALUES (4, '가입 시 이메일로 전송된 아이디를 확인해주세요.',
(SELECT NAME FROM ACCOUNT WHERE ACC_NUM=2));
INSERT INTO ANSWER (INQ_NUM, CONTENT, NAME)
VALUES (6, '마이페이지에서 비밀번호를 변경하실 수 있습니다.',
(SELECT NAME FROM ACCOUNT WHERE ACC_NUM=2));
INSERT INTO ANSWER (INQ_NUM, CONTENT, NAME)
VALUES (8, '다음 이벤트 일정은 예정되지 않았습니다.',
(SELECT NAME FROM ACCOUNT WHERE ACC_NUM=2));
INSERT INTO ANSWER (INQ_NUM, CONTENT, NAME)
VALUES (9, '마이페이지에서 전화번호를 변경하실 수 있습니다.',
(SELECT NAME FROM ACCOUNT WHERE ACC_NUM=2));
INSERT INTO ANSWER (INQ_NUM, CONTENT, NAME)
VALUES (10, '탈퇴 후 30일 이후 재가입 가능합니다.',
(SELECT NAME FROM ACCOUNT WHERE ACC_NUM=2));
INSERT INTO ANSWER (INQ_NUM, CONTENT, NAME)
VALUES (11, '닉네임은 별도로 없으며 실명제로 운영하고 있습니다.',
(SELECT NAME FROM ACCOUNT WHERE ACC_NUM=2));

/* 공지사항 테이블 가데이터 생성 */
INSERT INTO NOTICE (NOT_NUM, TITLE, CONTENT, NAME, INPUT_DATE, ACC_NUM)
VALUES (SEQ_NOT_NUM.NEXTVAL, '홈페이지 운영시간 안내', '모두쉼 홈페이지 운영시간은 오전 9:00-오후 6:00 입니다.',
(SELECT NAME FROM ACCOUNT WHERE ACC_NUM=3),
'2025-05-05', 3);

INSERT INTO NOTICE (NOT_NUM, TITLE, CONTENT, NAME, STATUS_TYPE, ACC_NUM)
VALUES (SEQ_NOT_NUM.NEXTVAL, '모두쉼 홈페이지 서비스 론칭 이벤트 ', '친구와 지인에게 홈페이지를 공유해주세요.',
(SELECT NAME FROM ACCOUNT WHERE ACC_NUM=3),
'미공지', 3);

/* FAQ 테이블 가데이터 생성 */
INSERT INTO FAQ (FAQ_NUM, TITLE, CONTENT, NAME, ACC_NUM)
VALUES (SEQ_FAQ_NUM.NEXTVAL, '전기/수소차 충전소 정보 제공 안내', '전기 충전소는 공공데이터 연계로 3~4분 정도 지연이 있으며, 갱신 주기는 5분입니다. 수소 충전소는 정보 확인 시 지연 시간 없이 제공하고 있습니다. *한국환경공단 전기자동차 충전소 정보 등 활용',
(SELECT NAME FROM ACCOUNT WHERE ACC_NUM=3),  3);

INSERT INTO FAQ (FAQ_NUM, TITLE, CONTENT, NAME, ACC_NUM)
VALUES (SEQ_FAQ_NUM.NEXTVAL, '통행료와 관련된 내용은 어디에 문의하나요?', '한국도로공사 홈페이지에서 조회 및 검색이 가능합니다.',
(SELECT NAME FROM ACCOUNT WHERE ACC_NUM=3),  3);

INSERT INTO FAQ (FAQ_NUM, TITLE, CONTENT, NAME, ACC_NUM)
VALUES (SEQ_FAQ_NUM.NEXTVAL, '주유소 정보는 실시간인가요?', '모두쉼 홈페이지는 한국도로공사가 수집한 데이터를 매일 업데이트하여 교통정보를 제공하기 위해 노력하고 있습니다.',
(SELECT NAME FROM ACCOUNT WHERE ACC_NUM=3),  3);

INSERT INTO FAQ (FAQ_NUM, TITLE, CONTENT, NAME, ACC_NUM)
VALUES (SEQ_FAQ_NUM.NEXTVAL, '내비게이션 기능이 있나요?', '모두쉼 홈페이지는 내비게이션 기능을 제공하고 있지 않습니다. 경로 검색 시 Tmap과 카카오 내비를 연계하여 내비게이션 서비스를 이용하실 수 있습니다.',
(SELECT NAME FROM ACCOUNT WHERE ACC_NUM=3),  3);

INSERT INTO FAQ (FAQ_NUM, TITLE, CONTENT, NAME, ACC_NUM)
VALUES (SEQ_FAQ_NUM.NEXTVAL, '개인정보를 수집하나요?', '모두쉼 홈페이지는 이용자의 개인정보를 별도로 수집·저장하거나 외부로 일체 제공하지 않습니다.',
(SELECT NAME FROM ACCOUNT WHERE ACC_NUM=3),  3);

commit;
